Modification,Mass Change,Residues,H,C,O,N,S,P,Na,Cl,K,F,I,Se,Br,Hg,Cu,Fe,Mo,Si,B,As,Li,Ca,Ni,Zn,Ag,Mg,Al
Acetyl,42.010565,C H N-term S T,2,2,1,,,,,,,,,,,,,,,,,,,,,,,,
Amidated,-0.984016,C-term,1,,-1,1,,,,,,,,,,,,,,,,,,,,,,,
Biotin,226.077598,K N-term,14,10,2,2,1,,,,,,,,,,,,,,,,,,,,,,
Carbamidomethyl,57.021464,C D E H K N-term S T U Y,3,2,1,1,,,,,,,,,,,,,,,,,,,,,,,
Carbamyl,43.005814,C K M N-term N-term R S T Y,1,1,1,1,,,,,,,,,,,,,,,,,,,,,,,
Carboxymethyl,58.005479,C K N-term U,2,2,2,,,,,,,,,,,,,,,,,,,,,,,,
Deamidated,0.984016,F Q,-1,,1,-1,,,,,,,,,,,,,,,,,,,,,,,
ICAT-G,486.251206,C,38,22,6,4,1,,,,,,,,,,,,,,,,,,,,,,
Met->Hse,-29.992806,M,-2,-1,1,,-1,,,,,,,,,,,,,,,,,,,,,,
Met->Hsl,-48.003371,M,-4,-1,,,-1,,,,,,,,,,,,,,,,,,,,,,
ICAT-D,442.224991,C,34,20,5,4,1,,,,,,,,,,,,,,,,,,,,,,
NIPCAM,99.068414,C,9,5,1,1,,,,,,,,,,,,,,,,,,,,,,,
PEO-Iodoacetyl-LC-Biotin,414.193691,C,30,18,5,4,1,,,,,,,,,,,,,,,,,,,,,,
Phospho,79.966331,E K R Y,1,,3,,,1,,,,,,,,,,,,,,,,,,,,,
Methamidophos-S,108.975121,C H K S T Y,4,1,1,1,1,1,,,,,,,,,,,,,,,,,,,,,
Dehydrated,-18.010565,D N Q,-2,,-1,,,,,,,,,,,,,,,,,,,,,,,,
Propionamide,71.037114,C K N-term,5,3,1,1,,,,,,,,,,,,,,,,,,,,,,,
Pyridylacetyl,119.037114,K N-term,5,7,1,1,,,,,,,,,,,,,,,,,,,,,,,
Pyro-carbamidomethyl,39.994915,C,,2,1,,,,,,,,,,,,,,,,,,,,,,,,
Glu->pyro-Glu,-18.010565,E,-2,,-1,,,,,,,,,,,,,,,,,,,,,,,,
Gln->pyro-Glu,-17.026549,Q,-3,,,-1,,,,,,,,,,,,,,,,,,,,,,,
SMA,127.063329,K N-term,9,6,2,1,,,,,,,,,,,,,,,,,,,,,,,
Cation:Na,21.981943,C-term D E,-1,,,,,,1,,,,,,,,,,,,,,,,,,,,
Pyridylethyl,105.057849,C,7,7,,1,,,,,,,,,,,,,,,,,,,,,,,
Methyl,14.01565,C C-term D E H I K L N N-term N-term Q R S T,2,1,,,,,,,,,,,,,,,,,,,,,,,,,
Oxidation,15.994915,F I K L Q R S T U V W,,,1,,,,,,,,,,,,,,,,,,,,,,,,
Dimethyl,28.0313,K N N-term P R,4,2,,,,,,,,,,,,,,,,,,,,,,,,,
Trimethyl,42.04695,A R,6,3,,,,,,,,,,,,,,,,,,,,,,,,,
Methylthio,45.987721,C D K N N-term,2,1,,,1,,,,,,,,,,,,,,,,,,,,,,
Sulfo,79.956815,,,,3,,1,,,,,,,,,,,,,,,,,,,,,,
Hex,162.052824,C W Y,10,6,5,,,,,,,,,,,,,,,,,,,,,,,,
Lipoyl,188.032956,K,12,8,1,,2,,,,,,,,,,,,,,,,,,,,,,
HexNAc,203.079373,,13,8,5,1,,,,,,,,,,,,,,,,,,,,,,,
Farnesyl,204.187801,C,24,15,,,,,,,,,,,,,,,,,,,,,,,,,
Myristoyl,210.198366,C G K,26,14,1,,,,,,,,,,,,,,,,,,,,,,,,
PyridoxalPhosphate,229.014009,K,8,8,5,1,,1,,,,,,,,,,,,,,,,,,,,,
Palmitoyl,238.229666,C K N-term S T,30,16,1,,,,,,,,,,,,,,,,,,,,,,,,
GeranylGeranyl,272.250401,C,32,20,,,,,,,,,,,,,,,,,,,,,,,,,
Phosphopantetheine,340.085794,S,21,11,6,2,1,1,,,,,,,,,,,,,,,,,,,,,
FAD,783.141486,C H Y,31,27,15,9,,2,,,,,,,,,,,,,,,,,,,,,
Tripalmitate,788.725777,C,96,51,5,,,,,,,,,,,,,,,,,,,,,,,,
Guanidinyl,42.021798,K N-term,2,1,,2,,,,,,,,,,,,,,,,,,,,,,,
HNE,156.11503,C H K,16,9,2,,,,,,,,,,,,,,,,,,,,,,,,
Glucuronyl,176.032088,N-term,8,6,6,,,,,,,,,,,,,,,,,,,,,,,,
Glutathione,305.068156,C,15,10,6,3,1,,,,,,,,,,,,,,,,,,,,,,
Propionyl,56.026215,K N-term N-term S T,4,3,1,,,,,,,,,,,,,,,,,,,,,,,,
GIST-Quat,127.099714,,13,7,1,1,,,,,,,,,,,,,,,,,,,,,,,
Succinyl,100.016044,K N-term N-term,4,4,3,,,,,,,,,,,,,,,,,,,,,,,,
probiotinhydrazide,258.115047,P,18,10,2,4,1,,,,,,,,,,,,,,,,,,,,,,
Pro->pyro-Glu,13.979265,P,-2,,1,,,,,,,,,,,,,,,,,,,,,,,,
His->Asn,-23.015984,,-1,-2,1,-1,,,,,,,,,,,,,,,,,,,,,,,
His->Asp,-22.031969,,-2,-2,2,-2,,,,,,,,,,,,,,,,,,,,,,,
Trp->Hydroxykynurenin,19.989829,W,,-1,2,,,,,,,,,,,,,,,,,,,,,,,,
Delta:H(4)C(3),40.0313,H K N-term,4,3,,,,,,,,,,,,,,,,,,,,,,,,,
Delta:H(4)C(2),28.0313,H K N-term,4,2,,,,,,,,,,,,,,,,,,,,,,,,,
Cys->Dha,-33.987721,C,-2,,,,-1,,,,,,,,,,,,,,,,,,,,,,
Arg->GluSA,-43.053433,R,-5,-1,1,-3,,,,,,,,,,,,,,,,,,,,,,,
Trioxidation,47.984744,C F W Y,,,3,,,,,,,,,,,,,,,,,,,,,,,,
Iminobiotin,225.093583,K N-term,15,10,1,3,1,,,,,,,,,,,,,,,,,,,,,,
ESP,338.177647,K N-term,26,16,2,4,1,,,,,,,,,,,,,,,,,,,,,,
NHS-LC-Biotin,339.161662,K N-term,25,16,3,3,1,,,,,,,,,,,,,,,,,,,,,,
EDT-maleimide-PEO-biotin,601.206246,S T,39,25,6,5,3,,,,,,,,,,,,,,,,,,,,,,
IMID,68.037448,K,4,3,,2,,,,,,,,,,,,,,,,,,,,,,,
Lysbiotinhydrazide,241.088497,K,15,10,2,3,1,,,,,,,,,,,,,,,,,,,,,,
Nitro,44.985078,F W Y,-1,,2,1,,,,,,,,,,,,,,,,,,,,,,,
ICAT-C,227.126991,C,17,10,3,3,,,,,,,,,,,,,,,,,,,,,,,
Delta:H(2)C(2),26.01565,H K N-term N-term,2,2,,,,,,,,,,,,,,,,,,,,,,,,,
Trp->Kynurenin,3.994915,W,,-1,1,,,,,,,,,,,,,,,,,,,,,,,,
Lys->Allysine,-1.031634,K,-3,,1,-1,,,,,,,,,,,,,,,,,,,,,,,
FormylMet,159.035399,,9,6,2,1,1,,,,,,,,,,,,,,,,,,,,,,
Nethylmaleimide,125.047679,C,7,6,2,1,,,,,,,,,,,,,,,,,,,,,,,
OxLysBiotinRed,354.172562,K,26,16,3,4,1,,,,,,,,,,,,,,,,,,,,,,
IBTP,316.138088,C,21,22,,,,1,,,,,,,,,,,,,,,,,,,,,
OxLysBiotin,352.156911,K,24,16,3,4,1,,,,,,,,,,,,,,,,,,,,,,
OxProBiotinRed,371.199111,P,29,16,3,5,1,,,,,,,,,,,,,,,,,,,,,,
OxProBiotin,369.183461,P,27,16,3,5,1,,,,,,,,,,,,,,,,,,,,,,
OxArgBiotin,310.135113,R,22,15,3,2,1,,,,,,,,,,,,,,,,,,,,,,
OxArgBiotinRed,312.150763,R,24,15,3,2,1,,,,,,,,,,,,,,,,,,,,,,
EDT-iodoacetyl-PEO-biotin,490.174218,S T,34,20,4,4,3,,,,,,,,,,,,,,,,,,,,,,
GG,114.042927,C K N-term S T,6,4,2,2,,,,,,,,,,,,,,,,,,,,,,,
Formyl,27.994915,,,1,1,,,,,,,,,,,,,,,,,,,,,,,,
ICAT-H,345.097915,C,20,15,6,1,,,,1,,,,,,,,,,,,,,,,,,,
Cation:K,37.955882,C-term D E,-1,,,,,,,,1,,,,,,,,,,,,,,,,,,
Xlink:DTSSP[88],87.998285,K N-term,4,3,1,,1,,,,,,,,,,,,,,,,,,,,,,
Xlink:EGS[226],226.047738,K N-term,10,10,6,,,,,,,,,,,,,,,,,,,,,,,,
Fluoro,17.990578,A F W Y,-1,,,,,,,,,1,,,,,,,,,,,,,,,,,
Fluorescein,387.074287,C,13,22,6,1,,,,,,,,,,,,,,,,,,,,,,,
Iodo,125.896648,H Y,-1,,,,,,,,,,1,,,,,,,,,,,,,,,,
Diiodo,251.793296,H Y,-2,,,,,,,,,,2,,,,,,,,,,,,,,,,
Triiodo,377.689944,Y,-3,,,,,,,,,,3,,,,,,,,,,,,,,,,
Myristoleyl,208.182715,G,24,14,1,,,,,,,,,,,,,,,,,,,,,,,,
Pro->Pyrrolidinone,-30.010565,P,-2,-1,-1,,,,,,,,,,,,,,,,,,,,,,,,
Myristoyl+Delta:H(-4),206.167065,G,22,14,1,,,,,,,,,,,,,,,,,,,,,,,,
Benzoyl,104.026215,K N-term,4,7,1,,,,,,,,,,,,,,,,,,,,,,,,
Hex(5)HexNAc(2),1216.422863,,76,46,35,2,,,,,,,,,,,,,,,,,,,,,,,
Dansyl,233.051049,K N-term,11,12,2,1,1,,,,,,,,,,,,,,,,,,,,,,
a-type-ion,-46.005479,,-2,-1,-2,,,,,,,,,,,,,,,,,,,,,,,,
Amidine,41.026549,K N-term,3,2,,1,,,,,,,,,,,,,,,,,,,,,,,
HexNAc(1)dHex(1),349.137281,,23,14,9,1,,,,,,,,,,,,,,,,,,,,,,,
HexNAc(2),406.158745,,26,16,10,2,,,,,,,,,,,,,,,,,,,,,,,
Hex(3),486.158471,,30,18,15,,,,,,,,,,,,,,,,,,,,,,,,
HexNAc(1)dHex(2),495.19519,,33,20,13,1,,,,,,,,,,,,,,,,,,,,,,,
Hex(1)HexNAc(1)dHex(1),511.190105,,33,20,14,1,,,,,,,,,,,,,,,,,,,,,,,
HexNAc(2)dHex(1),552.216654,,36,22,14,2,,,,,,,,,,,,,,,,,,,,,,,
Hex(1)HexNAc(2),568.211569,,36,22,15,2,,,,,,,,,,,,,,,,,,,,,,,
Hex(1)HexNAc(1)NeuAc(1),656.227613,,40,25,18,2,,,,,,,,,,,,,,,,,,,,,,,
HexNAc(2)dHex(2),698.274563,,46,28,18,2,,,,,,,,,,,,,,,,,,,,,,,
Hex(1)HexNAc(2)Pent(1),700.253828,,44,27,19,2,,,,,,,,,,,,,,,,,,,,,,,
Hex(1)HexNAc(2)dHex(1),714.269478,,46,28,19,2,,,,,,,,,,,,,,,,,,,,,,,
Hex(2)HexNAc(2),730.264392,,46,28,20,2,,,,,,,,,,,,,,,,,,,,,,,
Hex(3)HexNAc(1)Pent(1),821.280102,,51,31,24,1,,,,,,,,,,,,,,,,,,,,,,,
Hex(1)HexNAc(2)dHex(1)Pent(1),846.311736,,54,33,23,2,,,,,,,,,,,,,,,,,,,,,,,
Hex(1)HexNAc(2)dHex(2),860.327386,,56,34,23,2,,,,,,,,,,,,,,,,,,,,,,,
Hex(2)HexNAc(2)Pent(1),862.306651,,54,33,24,2,,,,,,,,,,,,,,,,,,,,,,,
Hex(2)HexNAc(2)dHex(1),876.322301,,56,34,24,2,,,,,,,,,,,,,,,,,,,,,,,
Hex(3)HexNAc(2),892.317216,,56,34,25,2,,,,,,,,,,,,,,,,,,,,,,,
Hex(1)HexNAc(1)NeuAc(2),947.323029,,57,36,26,3,,,,,,,,,,,,,,,,,,,,,,,
Hex(3)HexNAc(2)Phos(1),972.283547,,57,34,28,2,,1,,,,,,,,,,,,,,,,,,,,,
Delta:S(-1)Se(1),47.944449,M,,,,,-1,,,,,,,1,,,,,,,,,,,,,,,
NBS,152.988449,W,3,6,2,1,1,,,,,,,,,,,,,,,,,,,,,,
QAT,171.149738,C,19,9,1,2,,,,,,,,,,,,,,,,,,,,,,,
BHT,218.167065,,22,15,1,,,,,,,,,,,,,,,,,,,,,,,,
Delta:H(4)C(2)O(-1)S(1),44.008456,S,4,2,-1,,1,,,,,,,,,,,,,,,,,,,,,,
DAET,87.050655,S T,9,4,-1,1,1,,,,,,,,,,,,,,,,,,,,,,
Pro->Pyrrolidone,-27.994915,P,,-1,-1,,,,,,,,,,,,,,,,,,,,,,,,
HPG,132.021129,R,4,8,2,,,,,,,,,,,,,,,,,,,,,,,,
2HPG,282.052824,R,10,16,5,,,,,,,,,,,,,,,,,,,,,,,,
AccQTag,170.048013,K N-term,6,10,1,2,,,,,,,,,,,,,,,,,,,,,,,
EQAT,184.157563,C,20,10,1,2,,,,,,,,,,,,,,,,,,,,,,,
Ethanedithiol,75.980527,S T,4,2,-1,,2,,,,,,,,,,,,,,,,,,,,,,
Delta:H(6)C(6)O(1),94.041865,K,6,6,1,,,,,,,,,,,,,,,,,,,,,,,,
Delta:H(4)C(3)O(1),56.026215,C H K R,4,3,1,,,,,,,,,,,,,,,,,,,,,,,,
Delta:H(2)C(3),38.01565,K,2,3,,,,,,,,,,,,,,,,,,,,,,,,,
Delta:H(4)C(6),76.0313,K,4,6,,,,,,,,,,,,,,,,,,,,,,,,,
Delta:H(8)C(6)O(2),112.05243,K,8,6,2,,,,,,,,,,,,,,,,,,,,,,,,
ADP-Ribosyl,541.06111,C D E K R,21,15,13,5,,2,,,,,,,,,,,,,,,,,,,,,
NEIAA,85.052764,C Y,7,4,1,1,,,,,,,,,,,,,,,,,,,,,,,
Crotonaldehyde,70.041865,C H K,6,4,1,,,,,,,,,,,,,,,,,,,,,,,,
Bromo,77.910511,F H W Y,-1,,,,,,,,,,,,1,,,,,,,,,,,,,,
Amino,15.010899,Y,1,,,1,,,,,,,,,,,,,,,,,,,,,,,
Argbiotinhydrazide,199.066699,R,13,9,2,1,1,,,,,,,,,,,,,,,,,,,,,,
Thiophospho,95.943487,S T Y,1,,2,,1,1,,,,,,,,,,,,,,,,,,,,,
SPITC,214.971084,K N-term,5,7,3,1,2,,,,,,,,,,,,,,,,,,,,,,
IGBP,296.016039,C,13,12,2,2,,,,,,,,,1,,,,,,,,,,,,,,
Cytopiloyne,362.136553,C K N-term P R S Y,22,19,7,,,,,,,,,,,,,,,,,,,,,,,,
Cytopiloyne+water,380.147118,C K N-term R S T Y,24,19,8,,,,,,,,,,,,,,,,,,,,,,,,
PET,121.035005,S T,7,7,-1,1,1,,,,,,,,,,,,,,,,,,,,,,
CAF,135.983029,N-term,4,3,4,,1,,,,,,,,,,,,,,,,,,,,,,
Xlink:BS2G[96],96.021129,K N-term,4,5,2,,,,,,,,,,,,,,,,,,,,,,,,
Nitrosyl,28.990164,,-1,,1,1,,,,,,,,,,,,,,,,,,,,,,,
Kdo,220.058303,,12,8,7,,,,,,,,,,,,,,,,,,,,,,,,
AEBS,183.035399,H K N-term Y,9,8,2,1,1,,,,,,,,,,,,,,,,,,,,,,
Ethanolyl,44.026215,,4,2,1,,,,,,,,,,,,,,,,,,,,,,,,
HMVK,86.036779,C,6,4,2,,,,,,,,,,,,,,,,,,,,,,,,
Ethyl,28.0313,C-term D E K N-term N-term,4,2,,,,,,,,,,,,,,,,,,,,,,,,,
CoenzymeA,765.09956,C,34,21,16,7,1,3,,,,,,,,,,,,,,,,,,,,,
Methyl+Deamidated,14.999666,N Q,1,1,1,-1,,,,,,,,,,,,,,,,,,,,,,,
Delta:H(5)C(2),29.039125,P,5,2,,,,,,,,,,,,,,,,,,,,,,,,,
SulfanilicAcid,155.004099,C-term D E,5,6,2,1,1,,,,,,,,,,,,,,,,,,,,,,
Biotin-PEO-Amine,356.188212,,28,16,3,4,1,,,,,,,,,,,,,,,,,,,,,,
Trp->Oxolactone,13.979265,W,-2,,1,,,,,,,,,,,,,,,,,,,,,,,,
Biotin-HPDP,428.191582,C,32,19,3,4,2,,,,,,,,,,,,,,,,,,,,,,
Delta:Hg(1),201.970617,C,,,,,,,,,,,,,,1,,,,,,,,,,,,,
IodoU-AMP,322.020217,,11,9,9,2,,1,,,,,,,,,,,,,,,,,,,,,
CAMthiopropanoyl,145.019749,K N-term,7,5,2,1,1,,,,,,,,,,,,,,,,,,,,,,
IED-Biotin,326.141261,C,22,14,3,4,1,,,,,,,,,,,,,,,,,,,,,,
dHex,146.057909,,10,6,4,,,,,,,,,,,,,,,,,,,,,,,,
Carboxy,43.989829,K M W,,1,2,,,,,,,,,,,,,,,,,,,,,,,,
Bromobimane,190.074228,C,10,10,2,2,,,,,,,,,,,,,,,,,,,,,,,
Menadione,170.036779,C K,6,11,2,,,,,,,,,,,,,,,,,,,,,,,,
DeStreak,75.998285,C,4,2,1,,1,,,,,,,,,,,,,,,,,,,,,,
dHex(1)Hex(3)HexNAc(4),1444.53387,,92,56,39,4,,,,,,,,,,,,,,,,,,,,,,,
dHex(1)Hex(4)HexNAc(4),1606.586693,,102,62,44,4,,,,,,,,,,,,,,,,,,,,,,,
Pro+O(2),129.042593,H,7,5,3,1,,,,,,,,,,,,,,,,,,,,,,,
dHex(1)Hex(5)HexNAc(4),1768.639517,,112,68,49,4,,,,,,,,,,,,,,,,,,,,,,,
Hex(3)HexNAc(4),1298.475961,,82,50,35,4,,,,,,,,,,,,,,,,,,,,,,,
Hex(4)HexNAc(4),1460.528784,,92,56,40,4,,,,,,,,,,,,,,,,,,,,,,,
Hex(5)HexNAc(4),1622.581608,,102,62,45,4,,,,,,,,,,,,,,,,,,,,,,,
Cysteinyl,119.004099,C,5,3,2,1,1,,,,,,,,,,,,,,,,,,,,,,
Lys-loss,-128.094963,K,-12,-6,-1,-2,,,,,,,,,,,,,,,,,,,,,,,
Nmethylmaleimide,111.032028,C K,5,5,2,1,,,,,,,,,,,,,,,,,,,,,,,
CyDye-Cy3,672.298156,C,44,37,6,4,1,,,,,,,,,,,,,,,,,,,,,,
DimethylpyrroleAdduct,78.04695,K,6,6,,,,,,,,,,,,,,,,,,,,,,,,,
Delta:H(2)C(5),62.01565,K,2,5,,,,,,,,,,,,,,,,,,,,,,,,,
Delta:H(2)C(3)O(1),54.010565,,2,3,1,,,,,,,,,,,,,,,,,,,,,,,,
Nethylmaleimide+water,143.058243,C K,9,6,3,1,,,,,,,,,,,,,,,,,,,,,,,
Xlink:B10621,713.093079,C,30,31,6,4,1,,,,,,1,,,,,,,,,,,,,,,,
Xlink:DTBP[87],87.01427,K N-term,5,3,,1,1,,,,,,,,,,,,,,,,,,,,,,
FP-Biotin,572.316129,K S T Y,49,27,5,4,1,1,,,,,,,,,,,,,,,,,,,,,
Thiophos-S-S-biotin,525.142894,,34,19,5,4,3,1,,,,,,,,,,,,,,,,,,,,,
Can-FP-biotin,447.195679,S T Y,34,19,5,3,1,1,,,,,,,,,,,,,,,,,,,,,
HNE+Delta:H(2),158.13068,C H K,18,9,2,,,,,,,,,,,,,,,,,,,,,,,,
Thrbiotinhydrazide,240.104482,T,16,10,1,4,1,,,,,,,,,,,,,,,,,,,,,,
Methylamine,13.031634,S T,3,1,-1,1,,,,,,,,,,,,,,,,,,,,,,,
Diisopropylphosphate,164.060231,K N-term S T Y,13,6,3,,,1,,,,,,,,,,,,,,,,,,,,,
Isopropylphospho,122.013281,S T Y,7,3,3,,,1,,,,,,,,,,,,,,,,,,,,,
CarbamidomethylDTT,209.018035,C,11,6,3,1,2,,,,,,,,,,,,,,,,,,,,,,
ICPL,105.021464,K,3,6,1,1,,,,,,,,,,,,,,,,,,,,,,,
Arg->Orn,-42.021798,R,-2,-1,,-2,,,,,,,,,,,,,,,,,,,,,,,
Cation:Cu[I],61.921774,C-term D E H,-1,,,,,,,,,,,,,,1,,,,,,,,,,,,
Dehydro,-1.007825,C,-1,,,,,,,,,,,,,,,,,,,,,,,,,,
Diphthamide,142.110613,H,14,7,1,2,,,,,,,,,,,,,,,,,,,,,,,
Hydroxyfarnesyl,220.182715,C,24,15,1,,,,,,,,,,,,,,,,,,,,,,,,
Diacylglycerol,576.511761,C,68,37,4,,,,,,,,,,,,,,,,,,,,,,,,
Carboxyethyl,72.021129,K,4,3,2,,,,,,,,,,,,,,,,,,,,,,,,
Hypusine,87.068414,K,9,4,1,1,,,,,,,,,,,,,,,,,,,,,,,
Retinylidene,266.203451,K,26,20,,,,,,,,,,,,,,,,,,,,,,,,,
Lys->AminoadipicAcid,14.96328,K,-3,,2,-1,,,,,,,,,,,,,,,,,,,,,,,
Cys->PyruvicAcid,-33.003705,C,-3,,1,-1,-1,,,,,,,,,,,,,,,,,,,,,,
Ammonia-loss,-17.026549,S T,-3,,,-1,,,,,,,,,,,,,,,,,,,,,,,
Phycocyanobilin,586.279135,C,38,33,6,4,,,,,,,,,,,,,,,,,,,,,,,
Phycoerythrobilin,588.294785,C,40,33,6,4,,,,,,,,,,,,,,,,,,,,,,,
Phytochromobilin,584.263485,C,36,33,6,4,,,,,,,,,,,,,,,,,,,,,,,
Heme,616.177295,C H,32,34,4,4,,,,,,,,,,,,1,,,,,,,,,,,
Molybdopterin,521.884073,C,11,10,8,5,2,1,,,,,,,,,,,1,,,,,,,,,,
Quinone,29.974179,W Y,-2,,2,,,,,,,,,,,,,,,,,,,,,,,,
Glucosylgalactosyl,340.100562,,20,12,11,,,,,,,,,,,,,,,,,,,,,,,,
GPIanchor,123.00853,C-term,6,2,3,1,,1,,,,,,,,,,,,,,,,,,,,,
PhosphoribosyldephosphoCoA,881.146904,S,42,26,19,7,1,3,,,,,,,,,,,,,,,,,,,,,
GlycerylPE,197.04531,E,12,5,5,1,,1,,,,,,,,,,,,,,,,,,,,,
Triiodothyronine,469.716159,Y,1,6,1,,,,,,,,3,,,,,,,,,,,,,,,,
Thyroxine,595.612807,Y,,6,1,,,,,,,,4,,,,,,,,,,,,,,,,
Tyr->Dha,-94.041865,Y,-6,-6,-1,,,,,,,,,,,,,,,,,,,,,,,,
Didehydro,-2.01565,T Y,-2,,,,,,,,,,,,,,,,,,,,,,,,,,
Cys->Oxoalanine,-17.992806,C,-2,,1,,-1,,,,,,,,,,,,,,,,,,,,,,
Ser->LacticAcid,-15.010899,S,-1,,,-1,,,,,,,,,,,,,,,,,,,,,,,
GluGlu,258.085186,C-term E,14,10,6,2,,,,,,,,,,,,,,,,,,,,,,,
Phosphoadenosine,329.05252,H K,12,10,6,5,,1,,,,,,,,,,,,,,,,,,,,,
Glu,129.042593,C-term E,7,5,3,1,,,,,,,,,,,,,,,,,,,,,,,
Hydroxycinnamyl,146.036779,C,6,9,2,,,,,,,,,,,,,,,,,,,,,,,,
Glycosyl,148.037173,P,8,5,5,,,,,,,,,,,,,,,,,,,,,,,,
FMNH,454.088965,C H,19,17,9,4,,1,,,,,,,,,,,,,,,,,,,,,
Archaeol,634.662782,C,86,43,2,,,,,,,,,,,,,,,,,,,,,,,,
Phenylisocyanate,119.037114,N-term,5,7,1,1,,,,,,,,,,,,,,,,,,,,,,,
Phosphoguanosine,345.047435,H K,12,10,7,5,,1,,,,,,,,,,,,,,,,,,,,,
Hydroxymethyl,30.010565,N,2,1,1,,,,,,,,,,,,,,,,,,,,,,,,
MolybdopterinGD+Delta:S(-1)Se(1),1620.930224,C,47,40,26,20,3,4,,,,,,1,,,,,1,,,,,,,,,,
Dipyrrolylmethanemethyl,418.137616,C,22,20,8,2,,,,,,,,,,,,,,,,,,,,,,,
PhosphoUridine,306.025302,H Y,11,9,8,2,,1,,,,,,,,,,,,,,,,,,,,,
Glycerophospho,154.00311,S,7,3,5,,,1,,,,,,,,,,,,,,,,,,,,,
Carboxy->Thiocarboxy,15.977156,G,,,-1,,1,,,,,,,,,,,,,,,,,,,,,,
Sulfide,31.972071,C,,,,,1,,,,,,,,,,,,,,,,,,,,,,
PyruvicAcidIminyl,70.005479,C K V,2,3,2,,,,,,,,,,,,,,,,,,,,,,,,
Delta:Se(1),79.91652,C,,,,,,,,,,,,1,,,,,,,,,,,,,,,
MolybdopterinGD,1572.985775,C D U,47,40,26,20,4,4,,,,,,,,,,,1,,,,,,,,,,
Dioxidation,31.989829,E I K L P R U V,,,2,,,,,,,,,,,,,,,,,,,,,,,,
Octanoyl,126.104465,C S T,14,8,1,,,,,,,,,,,,,,,,,,,,,,,,
PhosphoHexNAc,283.045704,,14,8,8,1,,1,,,,,,,,,,,,,,,,,,,,,
PhosphoHex,242.019154,,11,6,8,,,1,,,,,,,,,,,,,,,,,,,,,
Palmitoleyl,236.214016,C S T,28,16,1,,,,,,,,,,,,,,,,,,,,,,,,
Cholesterol,368.344302,C-term,44,27,,,,,,,,,,,,,,,,,,,,,,,,,
Didehydroretinylidene,264.187801,K,24,20,,,,,,,,,,,,,,,,,,,,,,,,,
CHDH,294.183109,D,26,17,4,,,,,,,,,,,,,,,,,,,,,,,,
Methylpyrroline,109.052764,K,7,6,1,1,,,,,,,,,,,,,,,,,,,,,,,
Hydroxyheme,614.161645,E,30,34,4,4,,,,,,,,,,,,1,,,,,,,,,,,
MicrocinC7,386.110369,C-term,19,13,6,6,,1,,,,,,,,,,,,,,,,,,,,,
Cyano,24.995249,C,-1,1,,1,,,,,,,,,,,,,,,,,,,,,,,
Diironsubcluster,342.786916,C,-1,5,5,2,2,,,,,,,,,,,2,,,,,,,,,,,
Amidino,42.021798,C,2,1,,2,,,,,,,,,,,,,,,,,,,,,,,
FMN,438.094051,S T,19,17,8,4,,1,,,,,,,,,,,,,,,,,,,,,
FMNC,456.104615,C,21,17,9,4,,1,,,,,,,,,,,,,,,,,,,,,
CuSMo,922.834855,C,24,19,15,8,3,2,,,,,,,,,1,,1,,,,,,,,,,
Hydroxytrimethyl,59.04969,K,7,3,1,,,,,,,,,,,,,,,,,,,,,,,,
Deoxy,-15.994915,D,,,-1,,,,,,,,,,,,,,,,,,,,,,,,
Microcin,831.197041,C-term,37,36,20,3,,,,,,,,,,,,,,,,,,,,,,,
Decanoyl,154.135765,S T,18,10,1,,,,,,,,,,,,,,,,,,,,,,,,
GluGluGlu,387.127779,C-term E,21,15,9,3,,,,,,,,,,,,,,,,,,,,,,,
GluGluGluGlu,516.170373,C-term E,28,20,12,4,,,,,,,,,,,,,,,,,,,,,,,
HexN,161.068808,K W,11,6,4,1,,,,,,,,,,,,,,,,,,,,,,,
Xlink:DMP[154],154.110613,K N-term,14,8,1,2,,,,,,,,,,,,,,,,,,,,,,,
NDA,175.042199,K N-term,5,13,,1,,,,,,,,,,,,,,,,,,,,,,,
TMAB,128.107539,,14,7,1,1,,,,,,,,,,,,,,,,,,,,,,,
FTC,421.073241,C K P R S,15,21,5,3,1,,,,,,,,,,,,,,,,,,,,,,
AEC-MAEC,59.019355,,5,2,-1,1,1,,,,,,,,,,,,,,,,,,,,,,
BADGE,340.167459,,24,21,4,,,,,,,,,,,,,,,,,,,,,,,,
Hep,192.063388,K Q R,12,7,6,,,,,,,,,,,,,,,,,,,,,,,,
CyDye-Cy5,684.298156,C,44,38,6,4,1,,,,,,,,,,,,,,,,,,,,,,
DHP,118.065674,C,8,8,,1,,,,,,,,,,,,,,,,,,,,,,,
BHTOH,234.16198,H K,22,15,2,,,,,,,,,,,,,,,,,,,,,,,,
Nmethylmaleimide+water,129.042593,C,7,5,3,1,,,,,,,,,,,,,,,,,,,,,,,
PyMIC,134.048013,N-term,6,7,1,2,,,,,,,,,,,,,,,,,,,,,,,
LG-lactam-K,332.19876,K N-term,28,20,4,,,,,,,,,,,,,,,,,,,,,,,,
BisANS,594.091928,K,22,32,6,2,2,,,,,,,,,,,,,,,,,,,,,,
Piperidine,68.0626,K N-term,8,5,,,,,,,,,,,,,,,,,,,,,,,,,
Diethyl,56.0626,K N-term,8,4,,,,,,,,,,,,,,,,,,,,,,,,,
LG-Hlactam-K,348.193674,K N-term,28,20,5,,,,,,,,,,,,,,,,,,,,,,,,
C8-QAT,227.224915,K N-term,29,14,1,1,,,,,,,,,,,,,,,,,,,,,,,
Hex(2),324.105647,,20,12,10,,,,,,,,,,,,,,,,,,,,,,,,
LG-lactam-R,290.176961,R,26,19,4,-2,,,,,,,,,,,,,,,,,,,,,,,
Withaferin,470.266839,C,38,28,6,,,,,,,,,,,,,,,,,,,,,,,,
Biotin:Thermo-88317,443.291294,S Y,42,22,4,3,,1,,,,,,,,,,,,,,,,,,,,,
LG-Hlactam-R,306.171876,R,26,19,5,-2,,,,,,,,,,,,,,,,,,,,,,,
Maleimide-PEO2-Biotin,525.225719,C,35,23,7,5,1,,,,,,,,,,,,,,,,,,,,,,
Sulfo-NHS-LC-LC-Biotin,452.245726,K N-term,36,22,4,4,1,,,,,,,,,,,,,,,,,,,,,,
FNEM,427.069202,,13,24,7,1,,,,,,,,,,,,,,,,,,,,,,,
PropylNAGthiazoline,232.064354,C,14,9,4,1,1,,,,,,,,,,,,,,,,,,,,,,
Dethiomethyl,-48.003371,M,-4,-1,,,-1,,,,,,,,,,,,,,,,,,,,,,
Dibromo,155.821022,Y,-2,,,,,,,,,,,,2,,,,,,,,,,,,,,
LRGG,383.228103,K,29,16,4,7,,,,,,,,,,,,,,,,,,,,,,,
Biotin:Cayman-10141,626.386577,C,54,35,4,4,1,,,,,,,,,,,,,,,,,,,,,,
Biotin:Cayman-10013,660.428442,C,60,36,5,4,1,,,,,,,,,,,,,,,,,,,,,,
Ala->Ser,15.994915,A,0,0,1,0,0,,,,,,,,,,,,,,,,,,,,,,
Ala->Thr,30.010565,A,2,1,1,0,0,,,,,,,,,,,,,,,,,,,,,,
Ala->Asp,43.989829,A,0,1,2,0,0,,,,,,,,,,,,,,,,,,,,,,
Ala->Pro,26.01565,A,2,2,0,0,0,,,,,,,,,,,,,,,,,,,,,,
Ala->Gly,-14.01565,A,-2,-1,0,0,0,,,,,,,,,,,,,,,,,,,,,,
Ala->Glu,58.005479,A,2,2,2,0,0,,,,,,,,,,,,,,,,,,,,,,
Ala->Val,28.0313,A,4,2,0,0,0,,,,,,,,,,,,,,,,,,,,,,
Cys->Phe,44.059229,C,4,6,0,0,-1,,,,,,,,,,,,,,,,,,,,,,
Cys->Ser,-15.977156,C,0,0,1,0,-1,,,,,,,,,,,,,,,,,,,,,,
Cys->Trp,83.070128,C,5,8,0,1,-1,,,,,,,,,,,,,,,,,,,,,,
Cys->Tyr,60.054144,C,4,6,1,0,-1,,,,,,,,,,,,,,,,,,,,,,
Cys->Arg,53.091927,C,7,3,0,3,-1,,,,,,,,,,,,,,,,,,,,,,
Cys->Gly,-45.987721,C,-2,-1,0,0,-1,,,,,,,,,,,,,,,,,,,,,,
Asp->Ala,-43.989829,D,0,-1,-2,0,0,,,,,,,,,,,,,,,,,,,,,,
Asp->His,22.031969,D,2,2,-2,2,0,,,,,,,,,,,,,,,,,,,,,,
Asp->Asn,-0.984016,D,1,0,-1,1,0,,,,,,,,,,,,,,,,,,,,,,
Asp->Gly,-58.005479,D,-2,-2,-2,0,0,,,,,,,,,,,,,,,,,,,,,,
Asp->Tyr,48.036386,D,4,5,-1,0,0,,,,,,,,,,,,,,,,,,,,,,
Asp->Glu,14.01565,D,2,1,0,0,0,,,,,,,,,,,,,,,,,,,,,,
Asp->Val,-15.958529,D,4,1,-2,0,0,,,,,,,,,,,,,,,,,,,,,,
Glu->Ala,-58.005479,E,-2,-2,-2,0,0,,,,,,,,,,,,,,,,,,,,,,
Glu->Gln,-0.984016,E,1,0,-1,1,0,,,,,,,,,,,,,,,,,,,,,,
Glu->Asp,-14.01565,E,-2,-1,0,0,0,,,,,,,,,,,,,,,,,,,,,,
Glu->Lys,-0.94763,E,5,1,-2,1,0,,,,,,,,,,,,,,,,,,,,,,
Glu->Gly,-72.021129,E,-4,-3,-2,0,0,,,,,,,,,,,,,,,,,,,,,,
Glu->Val,-29.974179,E,2,0,-2,0,0,,,,,,,,,,,,,,,,,,,,,,
Phe->Ser,-60.036386,F,-4,-6,1,0,0,,,,,,,,,,,,,,,,,,,,,,
Phe->Cys,-44.059229,F,-4,-6,0,0,1,,,,,,,,,,,,,,,,,,,,,,
Phe->Xle,-33.98435,F,2,-3,,,,,,,,,,,,,,,,,,,,,,,,,
Phe->Tyr,15.994915,F,0,0,1,0,0,,,,,,,,,,,,,,,,,,,,,,
Phe->Val,-48,F,0,-4,0,0,0,,,,,,,,,,,,,,,,,,,,,,
Gly->Ala,14.01565,G,2,1,0,0,0,,,,,,,,,,,,,,,,,,,,,,
Gly->Ser,30.010565,G,2,1,1,0,0,,,,,,,,,,,,,,,,,,,,,,
Gly->Trp,129.057849,G,7,9,0,1,0,,,,,,,,,,,,,,,,,,,,,,
Gly->Glu,72.021129,G,4,3,2,0,0,,,,,,,,,,,,,,,,,,,,,,
Gly->Val,42.04695,G,6,3,0,0,0,,,,,,,,,,,,,,,,,,,,,,
Gly->Asp,58.005479,G,2,2,2,0,0,,,,,,,,,,,,,,,,,,,,,,
Gly->Cys,45.987721,G,2,1,0,0,1,,,,,,,,,,,,,,,,,,,,,,
Gly->Arg,99.079647,G,9,4,0,3,0,,,,,,,,,,,,,,,,,,,,,,
His->Pro,-40.006148,H,0,-1,0,-2,0,,,,,,,,,,,,,,,,,,,,,,
His->Tyr,26.004417,H,2,3,1,-2,0,,,,,,,,,,,,,,,,,,,,,,
His->Gln,-9.000334,H,1,-1,1,-1,0,,,,,,,,,,,,,,,,,,,,,,
NIC,105.021464,K N-term,3,6,1,1,,,,,,,,,,,,,,,,,,,,,,,
His->Arg,19.042199,H,5,0,0,1,0,,,,,,,,,,,,,,,,,,,,,,
His->Xle,-23.974848,H,4,,,-2,,,,,,,,,,,,,,,,,,,,,,,
Xle->Ala,-42.04695,I L,-6,-3,0,0,0,,,,,,,,,,,,,,,,,,,,,,
Xle->Thr,-12.036386,I L,-4,-2,1,,,,,,,,,,,,,,,,,,,,,,,,
Xle->Asn,0.958863,I L,-5,-2,1,1,,,,,,,,,,,,,,,,,,,,,,,
Xle->Lys,15.010899,I L,1,,,1,,,,,,,,,,,,,,,,,,,,,,,
Lys->Thr,-27.047285,K,-5,-2,1,-1,0,,,,,,,,,,,,,,,,,,,,,,
Lys->Asn,-14.052036,K,-6,-2,1,0,0,,,,,,,,,,,,,,,,,,,,,,
Lys->Glu,0.94763,K,-5,-1,2,-1,0,,,,,,,,,,,,,,,,,,,,,,
Lys->Gln,-0.036386,K,-4,-1,1,0,0,,,,,,,,,,,,,,,,,,,,,,
Lys->Met,2.945522,K,-3,-1,0,-1,1,,,,,,,,,,,,,,,,,,,,,,
Lys->Arg,28.006148,K,0,0,0,2,0,,,,,,,,,,,,,,,,,,,,,,
Lys->Xle,-15.010899,K,-1,,,-1,,,,,,,,,,,,,,,,,,,,,,,
Xle->Ser,-26.052036,I L,-6,-3,1,,,,,,,,,,,,,,,,,,,,,,,,
Xle->Phe,33.98435,I L,-2,3,,,,,,,,,,,,,,,,,,,,,,,,,
Xle->Trp,72.995249,I L,-1,5,,1,,,,,,,,,,,,,,,,,,,,,,,
Xle->Pro,-16.0313,I L,-4,-1,,,,,,,,,,,,,,,,,,,,,,,,,
Xle->Val,-14.01565,I L,-2,-1,,,,,,,,,,,,,,,,,,,,,,,,,
Xle->His,23.974848,I L,-4,,,2,,,,,,,,,,,,,,,,,,,,,,,
Xle->Gln,14.974514,I L,-3,-1,1,1,,,,,,,,,,,,,,,,,,,,,,,
Xle->Met,17.956421,I L,-2,-1,,,1,,,,,,,,,,,,,,,,,,,,,,
Xle->Arg,43.017047,I L,1,,,3,,,,,,,,,,,,,,,,,,,,,,,
Met->Thr,-29.992806,M,-2,-1,1,0,-1,,,,,,,,,,,,,,,,,,,,,,
Met->Arg,25.060626,M,3,1,0,3,-1,,,,,,,,,,,,,,,,,,,,,,
Met->Lys,-2.945522,M,3,1,0,1,-1,,,,,,,,,,,,,,,,,,,,,,
Met->Xle,-17.956421,M,2,1,,,-1,,,,,,,,,,,,,,,,,,,,,,
Met->Val,-31.972071,M,0,0,0,0,-1,,,,,,,,,,,,,,,,,,,,,,
Asn->Ser,-27.010899,N,-1,-1,0,-1,0,,,,,,,,,,,,,,,,,,,,,,
Asn->Thr,-12.995249,N,1,0,0,-1,0,,,,,,,,,,,,,,,,,,,,,,
Asn->Lys,14.052036,N,6,2,-1,0,0,,,,,,,,,,,,,,,,,,,,,,
Asn->Tyr,49.020401,N,3,5,0,-1,0,,,,,,,,,,,,,,,,,,,,,,
Asn->His,23.015984,N,1,2,-1,1,0,,,,,,,,,,,,,,,,,,,,,,
Asn->Asp,0.984016,N,-1,0,1,-1,0,,,,,,,,,,,,,,,,,,,,,,
Asn->Xle,-0.958863,N,5,2,-1,-1,,,,,,,,,,,,,,,,,,,,,,,
Pro->Ser,-10.020735,P,-2,-2,1,0,0,,,,,,,,,,,,,,,,,,,,,,
Pro->Ala,-26.01565,P,-2,-2,0,0,0,,,,,,,,,,,,,,,,,,,,,,
Pro->His,40.006148,P,0,1,0,2,0,,,,,,,,,,,,,,,,,,,,,,
Pro->Gln,31.005814,P,1,0,1,1,0,,,,,,,,,,,,,,,,,,,,,,
Pro->Thr,3.994915,P,0,-1,1,0,0,,,,,,,,,,,,,,,,,,,,,,
Pro->Arg,59.048347,P,5,1,0,3,0,,,,,,,,,,,,,,,,,,,,,,
Pro->Xle,16.0313,P,4,1,,,,,,,,,,,,,,,,,,,,,,,,,
Gln->Pro,-31.005814,Q,-1,0,-1,-1,0,,,,,,,,,,,,,,,,,,,,,,
Gln->Lys,0.036386,Q,4,1,-1,0,0,,,,,,,,,,,,,,,,,,,,,,
Gln->Glu,0.984016,Q,-1,0,1,-1,0,,,,,,,,,,,,,,,,,,,,,,
Gln->His,9.000334,Q,-1,1,-1,1,0,,,,,,,,,,,,,,,,,,,,,,
Gln->Arg,28.042534,Q,4,1,-1,2,0,,,,,,,,,,,,,,,,,,,,,,
Gln->Xle,-14.974514,Q,3,1,-1,-1,,,,,,,,,,,,,,,,,,,,,,,
Arg->Ser,-69.069083,R,-7,-3,1,-3,0,,,,,,,,,,,,,,,,,,,,,,
Arg->Trp,29.978202,R,-2,5,0,-2,0,,,,,,,,,,,,,,,,,,,,,,
Arg->Thr,-55.053433,R,-5,-2,1,-3,0,,,,,,,,,,,,,,,,,,,,,,
Arg->Pro,-59.048347,R,-5,-1,0,-3,0,,,,,,,,,,,,,,,,,,,,,,
Arg->Lys,-28.006148,R,0,0,0,-2,0,,,,,,,,,,,,,,,,,,,,,,
Arg->His,-19.042199,R,-5,0,0,-1,0,,,,,,,,,,,,,,,,,,,,,,
Arg->Gln,-28.042534,R,-4,-1,1,-2,0,,,,,,,,,,,,,,,,,,,,,,
Arg->Met,-25.060626,R,-3,-1,0,-3,1,,,,,,,,,,,,,,,,,,,,,,
Arg->Cys,-53.091927,R,-7,-3,0,-3,1,,,,,,,,,,,,,,,,,,,,,,
Arg->Xle,-43.017047,R,-1,,,-3,,,,,,,,,,,,,,,,,,,,,,,
Arg->Gly,-99.079647,R,-9,-4,0,-3,0,,,,,,,,,,,,,,,,,,,,,,
Ser->Phe,60.036386,S,4,6,-1,0,0,,,,,,,,,,,,,,,,,,,,,,
Ser->Ala,-15.994915,S,0,0,-1,0,0,,,,,,,,,,,,,,,,,,,,,,
Ser->Trp,99.047285,S,5,8,-1,1,0,,,,,,,,,,,,,,,,,,,,,,
Ser->Thr,14.01565,S,2,1,0,0,0,,,,,,,,,,,,,,,,,,,,,,
Ser->Asn,27.010899,S,1,1,0,1,0,,,,,,,,,,,,,,,,,,,,,,
Ser->Pro,10.020735,S,2,2,-1,0,0,,,,,,,,,,,,,,,,,,,,,,
Ser->Tyr,76.0313,S,4,6,0,0,0,,,,,,,,,,,,,,,,,,,,,,
Ser->Cys,15.977156,S,0,0,-1,0,1,,,,,,,,,,,,,,,,,,,,,,
Ser->Arg,69.069083,S,7,3,-1,3,0,,,,,,,,,,,,,,,,,,,,,,
Ser->Xle,26.052036,S,6,3,-1,,,,,,,,,,,,,,,,,,,,,,,,
Ser->Gly,-30.010565,S,-2,-1,-1,0,0,,,,,,,,,,,,,,,,,,,,,,
Thr->Ser,-14.01565,T,-2,-1,0,0,0,,,,,,,,,,,,,,,,,,,,,,
Thr->Ala,-30.010565,T,-2,-1,-1,0,0,,,,,,,,,,,,,,,,,,,,,,
Thr->Asn,12.995249,T,-1,0,0,1,0,,,,,,,,,,,,,,,,,,,,,,
Thr->Lys,27.047285,T,5,2,-1,1,0,,,,,,,,,,,,,,,,,,,,,,
Thr->Pro,-3.994915,T,0,1,-1,0,0,,,,,,,,,,,,,,,,,,,,,,
Thr->Met,29.992806,T,2,1,-1,0,1,,,,,,,,,,,,,,,,,,,,,,
Thr->Xle,12.036386,T,4,2,-1,,,,,,,,,,,,,,,,,,,,,,,,
Thr->Arg,55.053433,T,5,2,-1,3,0,,,,,,,,,,,,,,,,,,,,,,
Val->Phe,48,V,0,4,0,0,0,,,,,,,,,,,,,,,,,,,,,,
Val->Ala,-28.0313,V,-4,-2,0,0,0,,,,,,,,,,,,,,,,,,,,,,
Val->Glu,29.974179,V,-2,0,2,0,0,,,,,,,,,,,,,,,,,,,,,,
Val->Met,31.972071,V,0,0,0,0,1,,,,,,,,,,,,,,,,,,,,,,
Val->Asp,15.958529,V,-4,-1,2,0,0,,,,,,,,,,,,,,,,,,,,,,
Val->Xle,14.01565,V,2,1,,,,,,,,,,,,,,,,,,,,,,,,,
Val->Gly,-42.04695,V,-6,-3,0,0,0,,,,,,,,,,,,,,,,,,,,,,
Trp->Ser,-99.047285,W,-5,-8,1,-1,0,,,,,,,,,,,,,,,,,,,,,,
Trp->Cys,-83.070128,W,-5,-8,0,-1,1,,,,,,,,,,,,,,,,,,,,,,
Trp->Arg,-29.978202,W,2,-5,0,2,0,,,,,,,,,,,,,,,,,,,,,,
Trp->Gly,-129.057849,W,-7,-9,0,-1,0,,,,,,,,,,,,,,,,,,,,,,
Trp->Xle,-72.995249,W,1,-5,,-1,,,,,,,,,,,,,,,,,,,,,,,
Tyr->Phe,-15.994915,Y,0,0,-1,0,0,,,,,,,,,,,,,,,,,,,,,,
Tyr->Ser,-76.0313,Y,-4,-6,0,0,0,,,,,,,,,,,,,,,,,,,,,,
Tyr->Asn,-49.020401,Y,-3,-5,0,1,0,,,,,,,,,,,,,,,,,,,,,,
Tyr->His,-26.004417,Y,-2,-3,-1,2,0,,,,,,,,,,,,,,,,,,,,,,
Tyr->Asp,-48.036386,Y,-4,-5,1,0,0,,,,,,,,,,,,,,,,,,,,,,
Tyr->Cys,-60.054144,Y,-4,-6,-1,0,1,,,,,,,,,,,,,,,,,,,,,,
BDMAPP,253.010225,K N-term,12,11,1,1,,,,,,,,,1,,,,,,,,,,,,,,
NA-LNO2,325.225309,C H,31,18,4,1,,,,,,,,,,,,,,,,,,,,,,,
NA-OA-NO2,327.240959,C H,33,18,4,1,,,,,,,,,,,,,,,,,,,,,,,
CarboxymethylDTT,210.00205,C,10,6,4,,2,,,,,,,,,,,,,,,,,,,,,,
HNE-Delta:H(2)O,138.104465,C H K,14,9,1,,,,,,,,,,,,,,,,,,,,,,,,
4-ONE,154.09938,C H K,14,9,2,,,,,,,,,,,,,,,,,,,,,,,,
O-Dimethylphosphate,107.997631,S T Y,5,2,3,,,1,,,,,,,,,,,,,,,,,,,,,
O-Methylphosphate,93.981981,S T Y,3,1,3,,,1,,,,,,,,,,,,,,,,,,,,,
Diethylphosphate,136.028931,C H K N-term S T Y,9,4,3,,,1,,,,,,,,,,,,,,,,,,,,,
Ethylphosphate,107.997631,K N-term S T Y,5,2,3,,,1,,,,,,,,,,,,,,,,,,,,,
O-pinacolylmethylphosphonate,162.080967,H K S T Y,15,7,2,,,1,,,,,,,,,,,,,,,,,,,,,
Methylphosphonate,77.987066,S T Y,3,1,2,,,1,,,,,,,,,,,,,,,,,,,,,
O-Isopropylmethylphosphonate,120.034017,S T Y,9,4,2,,,1,,,,,,,,,,,,,,,,,,,,,
BEMAD_ST,136.001656,,8,4,1,,2,,,,,,,,,,,,,,,,,,,,,,
Ethanolamine,43.042199,C C-term D E,5,2,,1,,,,,,,,,,,,,,,,,,,,,,,
BEMAD_C,120.0245,C,8,4,2,,1,,,,,,,,,,,,,,,,,,,,,,
TMT,224.152478,H K N-term N-term S T,20,12,2,2,,,,,,,,,,,,,,,,,,,,,,,
NO_SMX_SEMD,251.036462,C,9,10,3,3,1,,,,,,,,,,,,,,,,,,,,,,
4-ONE+Delta:H(-2)O(-1),136.088815,C H K,12,9,1,,,,,,,,,,,,,,,,,,,,,,,,
Biotin:Aha-DADPS,922.465403,M,70,42,11,8,1,,,,,,,,,,,,,1,,,,,,,,,
NO_SMX_SIMD,267.031377,C,9,10,4,3,1,,,,,,,,,,,,,,,,,,,,,,
Malonyl,86.000394,C K S,2,3,3,,,,,,,,,,,,,,,,,,,,,,,,
3sulfo,183.983029,N-term,4,7,4,,1,,,,,,,,,,,,,,,,,,,,,,
trifluoro,53.971735,L,-3,,,,,,,,,3,,,,,,,,,,,,,,,,,
TNBS,210.986535,K N-term,1,6,6,3,,,,,,,,,,,,,,,,,,,,,,,
Biotin-phenacyl,626.263502,C H S,38,29,6,8,1,,,,,,,,,,,,,,,,,,,,,,
lapachenole,240.11503,,16,16,2,,,,,,,,,,,,,,,,,,,,,,,,
maleimide,97.016378,C K,3,4,2,1,,,,,,,,,,,,,,,,,,,,,,,
IDEnT,214.990469,C,7,9,1,1,,,,2,,,,,,,,,,,,,,,,,,,
Met-loss,-131.040485,M,-9,-5,-1,-1,-1,,,,,,,,,,,,,,,,,,,,,,
Met-loss+Acetyl,-89.02992,M,-7,-3,,-1,-1,,,,,,,,,,,,,,,,,,,,,,
Menadione-HQ,172.05243,C K,8,11,2,,,,,,,,,,,,,,,,,,,,,,,,
Gly-loss+Amide,-58.005479,G,-2,-2,-2,,,,,,,,,,,,,,,,,,,,,,,,
TMPP-Ac,572.181134,K N-term Y,33,29,10,,,1,,,,,,,,,,,,,,,,,,,,,
Arg->Npo,80.985078,R,-1,3,2,1,,,,,,,,,,,,,,,,,,,,,,,
Pentylamine,70.07825,Q,10,5,,,,,,,,,,,,,,,,,,,,,,,,,
Biotin:Thermo-21345,311.166748,Q,25,15,2,3,1,,,,,,,,,,,,,,,,,,,,,,
Dihydroxyimidazolidine,72.021129,R,4,3,2,,,,,,,,,,,,,,,,,,,,,,,,
Xlink:DFDNB,163.985807,K N Q R,,6,4,2,,,,,,,,,,,,,,,,,,,,,,,
Cy3b-maleimide,682.24612,C,38,37,7,4,1,,,,,,,,,,,,,,,,,,,,,,
Hex(1)HexNAc(1),365.132196,,23,14,10,1,,,,,,,,,,,,,,,,,,,,,,,
Xlink:BMOE,220.048407,C,8,10,4,2,,,,,,,,,,,,,,,,,,,,,,,
Biotin:Thermo-21360,487.246455,,37,21,6,5,1,,,,,,,,,,,,,,,,,,,,,,
EQIGG,484.228162,K,32,20,8,6,,,,,,,,,,,,,,,,,,,,,,,
cGMP,343.031785,C S,10,10,7,5,,1,,,,,,,,,,,,,,,,,,,,,
cGMP+RMP-loss,150.041585,C S,4,5,1,5,,,,,,,,,,,,,,,,,,,,,,,
mTRAQ,140.094963,K N-term,12,7,1,2,,,,,,,,,,,,,,,,,,,,,,,
Arg2PG,266.057909,,10,16,4,,,,,,,,,,,,,,,,,,,,,,,,
spermine,185.189198,Q,23,10,,3,,,,,,,,,,,,,,,,,,,,,,,
ZGB,758.380841,K N-term,53,37,6,6,1,,,,,2,,,,,,,,,1,,,,,,,,
MG-H1,54.010565,R,2,3,1,,,,,,,,,,,,,,,,,,,,,,,,
G-H1,39.994915,R,,2,1,,,,,,,,,,,,,,,,,,,,,,,,
DyLight-maleimide,940.1999,C,48,39,15,4,4,,,,,,,,,,,,,,,,,,,,,,
Methyl-PEO12-Maleimide,710.383719,C,58,32,15,2,,,,,,,,,,,,,,,,,,,,,,,
MDCC,383.148121,,21,20,5,3,,,,,,,,,,,,,,,,,,,,,,,
QQQTGG,599.266339,,37,23,10,9,,,,,,,,,,,,,,,,,,,,,,,
QEQTGG,600.250354,,36,23,11,8,,,,,,,,,,,,,,,,,,,,,,,
HydroxymethylOP,108.021129,,4,6,2,,,,,,,,,,,,,,,,,,,,,,,,
Biotin:Thermo-21325,695.310118,K,45,34,7,7,1,,,,,,,,,,,,,,,,,,,,,,
Biotin-PEG-PRA,578.317646,M,42,26,7,8,,,,,,,,,,,,,,,,,,,,,,,
Met->Aha,-4.986324,M,-3,-1,,3,-1,,,,,,,,,,,,,,,,,,,,,,
pyrophospho,159.932662,,2,,6,,,2,,,,,,,,,,,,,,,,,,,,,
Met->Hpg,-21.987721,M,-2,1,,,-1,,,,,,,,,,,,,,,,,,,,,,
4AcAllylGal,372.142033,C,24,17,9,,,,,,,,,,,,,,,,,,,,,,,,
DimethylArsino,103.960719,C,5,2,,,,,,,,,,,,,,,,,,1,,,,,,,
Lys->CamCys,31.935685,K,-4,-1,1,,1,,,,,,,,,,,,,,,,,,,,,,
Phe->CamCys,12.962234,F,-1,-4,1,1,1,,,,,,,,,,,,,,,,,,,,,,
Leu->MetOx,33.951335,L,-2,-1,1,,1,,,,,,,,,,,,,,,,,,,,,,
Lys->MetOx,18.940436,K,-3,-1,1,-1,1,,,,,,,,,,,,,,,,,,,,,,
Galactosyl,178.047738,K N-term,10,6,6,,,,,,,,,,,,,,,,,,,,,,,,
Xlink:SMCC[321],321.205242,C,27,17,3,3,,,,,,,,,,,,,,,,,,,,,,,
Bacillosamine,228.111007,,16,10,4,2,,,,,,,,,,,,,,,,,,,,,,,
MTSL,184.07961,C,14,9,1,1,1,,,,,,,,,,,,,,,,,,,,,,
HNE-BAHAH,511.319226,C H K,45,25,4,5,1,,,,,,,,,,,,,,,,,,,,,,
LTX+Lophotoxin,416.147118,Y,24,22,8,,,,,,,,,,,,,,,,,,,,,,,,
Methylmalonylation,100.016044,S,4,4,3,,,,,,,,,,,,,,,,,,,,,,,,
AROD,820.336015,C,52,35,9,10,2,,,,,,,,,,,,,,,,,,,,,,
Cys->methylaminoAla,-2.945522,C,3,1,,1,-1,,,,,,,,,,,,,,,,,,,,,,
Cys->ethylaminoAla,11.070128,C,5,2,,1,-1,,,,,,,,,,,,,,,,,,,,,,
ethylamino,27.047285,S T,5,2,-1,1,,,,,,,,,,,,,,,,,,,,,,,
MercaptoEthanol,60.003371,S T,4,2,,,1,,,,,,,,,,,,,,,,,,,,,,
Atto495Maleimide,474.250515,C,32,27,3,5,,,,,,,,,,,,,,,,,,,,,,,
AMTzHexNAc2,502.202341,N S T,30,19,10,6,,,,,,,,,,,,,,,,,,,,,,,
Ethyl+Deamidated,29.015316,N Q,3,2,1,-1,,,,,,,,,,,,,,,,,,,,,,,
VFQQQTGG,845.403166,,55,37,12,11,,,,,,,,,,,,,,,,,,,,,,,
VIEVYQEQTGG,1203.577168,K,81,53,19,13,,,,,,,,,,,,,,,,,,,,,,,
Chlorination,33.961028,W Y,-1,,,,,,,1,,,,,,,,,,,,,,,,,,,
dichlorination,67.922055,C Y,-2,,,,,,,2,,,,,,,,,,,,,,,,,,,
DNPS,198.981352,,3,6,4,2,1,,,,,,,,,,,,,,,,,,,,,,
SulfoGMBS,458.162391,C,26,22,5,4,1,,,,,,,,,,,,,,,,,,,,,,
DimethylamineGMBS,267.158292,C,21,13,3,3,,,,,,,,,,,,,,,,,,,,,,,
LG-anhydrolactam,314.188195,K N-term,26,20,3,,,,,,,,,,,,,,,,,,,,,,,,
LG-pyrrole,316.203845,K N-term,28,20,3,,,,,,,,,,,,,,,,,,,,,,,,
LG-anhyropyrrole,298.19328,K N-term,26,20,2,,,,,,,,,,,,,,,,,,,,,,,,
3-deoxyglucosone,144.042259,R,8,6,4,,,,,,,,,,,,,,,,,,,,,,,,
Cation:Li,6.008178,C-term D E,-1,,,,,,,,,,,,,,,,,,,,1,,,,,,
Cation:Ca[II],37.946941,C-term D E,-2,,,,,,,,,,,,,,,,,,,,,1,,,,,
Cation:Fe[II],53.919289,C-term D E,-2,,,,,,,,,,,,,,,1,,,,,,,,,,,
Cation:Ni[II],55.919696,C-term D E,-2,,,,,,,,,,,,,,,,,,,,,,1,,,,
Cation:Zn[II],61.913495,C-term D E H,-2,,,,,,,,,,,,,,,,,,,,,,,1,,,
Cation:Ag,105.897267,C-term D E,-1,,,,,,,,,,,,,,,,,,,,,,,,1,,
Cation:Mg[II],21.969392,C-term D E,-2,,,,,,,,,,,,,,,,,,,,,,,,,1,
2-succinyl,116.010959,C,4,4,4,,,,,,,,,,,,,,,,,,,,,,,,
Propargylamine,37.031634,C-term D E,3,3,-1,1,,,,,,,,,,,,,,,,,,,,,,,
Phosphopropargyl,116.997965,S T Y,4,3,2,1,,1,,,,,,,,,,,,,,,,,,,,,
SUMO2135,2135.920496,K,137,90,37,21,1,,,,,,,,,,,,,,,,,,,,,,
SUMO3549,3549.536568,K,224,150,60,38,1,,,,,,,,,,,,,,,,,,,,,,
serotonylation,159.068414,Q,9,10,1,1,,,,,,,,,,,,,,,,,,,,,,,
BITC,149.02992,C K N-term,7,8,,1,1,,,,,,,,,,,,,,,,,,,,,,
Carbofuran,57.021464,S,3,2,1,1,,,,,,,,,,,,,,,,,,,,,,,
PEITC,163.04557,C K N-term,9,9,,1,1,,,,,,,,,,,,,,,,,,,,,,
thioacylPA,159.035399,K,9,6,2,1,1,,,,,,,,,,,,,,,,,,,,,,
maleimide3,969.366232,C K,59,37,23,7,,,,,,,,,,,,,,,,,,,,,,,
maleimide5,1293.471879,C K,79,49,33,7,,,,,,,,,,,,,,,,,,,,,,,
Puromycin,453.212452,C-term,27,22,4,7,,,,,,,,,,,,,,,,,,,,,,,
glucosone,160.037173,R,8,6,5,,,,,,,,,,,,,,,,,,,,,,,,
cysTMT,299.166748,C,25,14,2,3,1,,,,,,,,,,,,,,,,,,,,,,
ISD_z+2_ion,-15.010899,,-1,,,-1,,,,,,,,,,,,,,,,,,,,,,,
Ammonium,17.026549,C-term D E,3,,,1,,,,,,,,,,,,,,,,,,,,,,,
Biotin:Sigma-B1267,449.17329,C,27,20,5,5,1,,,,,,,,,,,,,,,,,,,,,,
sulfo+amino,94.967714,Y,1,,3,1,1,,,,,,,,,,,,,,,,,,,,,,
AHA-Alkyne,107.077339,M,5,4,1,5,-1,,,,,,,,,,,,,,,,,,,,,,
AHA-Alkyne-KDDDD,695.280074,M,37,26,14,11,-1,,,,,,,,,,,,,,,,,,,,,,
EGCG1,456.069261,C,16,22,11,,,,,,,,,,,,,,,,,,,,,,,,
EGCG2,287.055563,C,11,15,6,,,,,,,,,,,,,,,,,,,,,,,,
Cys->CamSec,104.965913,C,3,2,1,1,-1,,,,,,,1,,,,,,,,,,,,,,,
Thiazolidine,12,C F H K N-term R W Y,,1,,,,,,,,,,,,,,,,,,,,,,,,,
DEDGFLYMVYASQETFG,1970.824411,,122,89,31,18,1,,,,,,,,,,,,,,,,,,,,,,
Biotin:Invitrogen-M1602,523.210069,C,33,23,7,5,1,,,,,,,,,,,,,,,,,,,,,,
Xlink:DSS[156],156.078644,K N-term,12,8,3,,,,,,,,,,,,,,,,,,,,,,,,
DMPO,111.068414,C H Y,9,6,1,1,,,,,,,,,,,,,,,,,,,,,,,
glycidamide,87.032028,K N-term,5,3,2,1,,,,,,,,,,,,,,,,,,,,,,,
Ahx2+Hsl,309.205242,C-term,27,16,3,3,,,,,,,,,,,,,,,,,,,,,,,
ICDID,138.06808,C,10,8,2,,,,,,,,,,,,,,,,,,,,,,,,
Xlink:EGS[244],244.058303,K N-term,12,10,7,,,,,,,,,,,,,,,,,,,,,,,,
Xlink:DST[132],132.005873,K N-term,4,4,5,,,,,,,,,,,,,,,,,,,,,,,,
Xlink:DTSSP[192],191.991486,K N-term,8,6,3,,2,,,,,,,,,,,,,,,,,,,,,,
Xlink:SMCC[237],237.100108,C K N-term,15,12,4,1,,,,,,,,,,,,,,,,,,,,,,,
2-nitrobenzyl,135.032028,Y,5,7,2,1,,,,,,,,,,,,,,,,,,,,,,,
Xlink:DMP[140],140.094963,K N-term,12,7,1,2,,,,,,,,,,,,,,,,,,,,,,,
Xlink:EGS[115],115.026943,K N-term,5,4,3,1,,,,,,,,,,,,,,,,,,,,,,,
Cys->SecNEM,172.992127,C,7,6,2,1,-1,,,,,,,1,,,,,,,,,,,,,,,
Thiadiazole,174.025169,C,6,9,,2,1,,,,,,,,,,,,,,,,,,,,,,
Biotin:Thermo-88310,196.121178,K,16,10,2,2,,,,,,,,,,,,,,,,,,,,,,,
TAMRA-FP,659.312423,S Y,46,37,6,3,,1,,,,,,,,,,,,,,,,,,,,,
Biotin:Thermo-21901+H2O,543.236284,C,37,23,8,5,1,,,,,,,,,,,,,,,,,,,,,,
Deoxyhypusine,71.073499,K,9,4,,1,,,,,,,,,,,,,,,,,,,,,,,
Acetyldeoxyhypusine,113.084064,K,11,6,1,1,,,,,,,,,,,,,,,,,,,,,,,
Acetylhypusine,129.078979,K,11,6,2,1,,,,,,,,,,,,,,,,,,,,,,,
Ala->Cys,31.972071,A,0,0,0,0,1,,,,,,,,,,,,,,,,,,,,,,
Ala->Phe,76.0313,A,4,6,0,0,0,,,,,,,,,,,,,,,,,,,,,,
Ala->His,66.021798,A,2,3,0,2,0,,,,,,,,,,,,,,,,,,,,,,
Ala->Xle,42.04695,A,6,3,,,,,,,,,,,,,,,,,,,,,,,,,
Ala->Lys,57.057849,A,7,3,0,1,0,,,,,,,,,,,,,,,,,,,,,,
Ala->Met,60.003371,A,4,2,0,0,1,,,,,,,,,,,,,,,,,,,,,,
Ala->Asn,43.005814,A,1,1,1,1,0,,,,,,,,,,,,,,,,,,,,,,
Ala->Gln,57.021464,A,3,2,1,1,0,,,,,,,,,,,,,,,,,,,,,,
Ala->Arg,85.063997,A,7,3,0,3,0,,,,,,,,,,,,,,,,,,,,,,
Ala->Trp,115.042199,A,5,8,0,1,0,,,,,,,,,,,,,,,,,,,,,,
Ala->Tyr,92.026215,A,4,6,1,0,0,,,,,,,,,,,,,,,,,,,,,,
Cys->Ala,-31.972071,C,0,0,0,0,-1,,,,,,,,,,,,,,,,,,,,,,
Cys->Asp,12.017759,C,0,1,2,0,-1,,,,,,,,,,,,,,,,,,,,,,
Cys->Glu,26.033409,C,2,2,2,0,-1,,,,,,,,,,,,,,,,,,,,,,
Cys->His,34.049727,C,2,3,0,2,-1,,,,,,,,,,,,,,,,,,,,,,
Cys->Xle,10.07488,C,6,3,,,-1,,,,,,,,,,,,,,,,,,,,,,
Cys->Lys,25.085779,C,7,3,0,1,-1,,,,,,,,,,,,,,,,,,,,,,
Cys->Met,28.0313,C,4,2,0,0,0,,,,,,,,,,,,,,,,,,,,,,
Cys->Asn,11.033743,C,1,1,1,1,-1,,,,,,,,,,,,,,,,,,,,,,
Cys->Pro,-5.956421,C,2,2,0,0,-1,,,,,,,,,,,,,,,,,,,,,,
Cys->Gln,25.049393,C,3,2,1,1,-1,,,,,,,,,,,,,,,,,,,,,,
Cys->Thr,-1.961506,C,2,1,1,0,-1,,,,,,,,,,,,,,,,,,,,,,
Cys->Val,-3.940771,C,4,2,0,0,-1,,,,,,,,,,,,,,,,,,,,,,
Asp->Cys,-12.017759,D,0,-1,-2,0,1,,,,,,,,,,,,,,,,,,,,,,
Asp->Phe,32.041471,D,4,5,-2,0,0,,,,,,,,,,,,,,,,,,,,,,
Asp->Xle,-1.942879,D,6,2,-2,,,,,,,,,,,,,,,,,,,,,,,,
Asp->Lys,13.06802,D,7,2,-2,1,0,,,,,,,,,,,,,,,,,,,,,,
Asp->Met,16.013542,D,4,1,-2,0,1,,,,,,,,,,,,,,,,,,,,,,
Asp->Pro,-17.974179,D,2,1,-2,0,0,,,,,,,,,,,,,,,,,,,,,,
Asp->Gln,13.031634,D,3,1,-1,1,0,,,,,,,,,,,,,,,,,,,,,,
Asp->Arg,41.074168,D,7,2,-2,3,0,,,,,,,,,,,,,,,,,,,,,,
Asp->Ser,-27.994915,D,0,-1,-1,0,0,,,,,,,,,,,,,,,,,,,,,,
Asp->Thr,-13.979265,D,2,0,-1,0,0,,,,,,,,,,,,,,,,,,,,,,
Asp->Trp,71.05237,D,5,7,-2,1,0,,,,,,,,,,,,,,,,,,,,,,
Glu->Cys,-26.033409,E,-2,-2,-2,0,1,,,,,,,,,,,,,,,,,,,,,,
Glu->Phe,18.025821,E,2,4,-2,0,0,,,,,,,,,,,,,,,,,,,,,,
Glu->His,8.016319,E,0,1,-2,2,0,,,,,,,,,,,,,,,,,,,,,,
Glu->Xle,-15.958529,E,4,1,-2,,,,,,,,,,,,,,,,,,,,,,,,
Glu->Met,1.997892,E,2,0,-2,0,1,,,,,,,,,,,,,,,,,,,,,,
Glu->Asn,-14.999666,E,-1,-1,-1,1,0,,,,,,,,,,,,,,,,,,,,,,
Glu->Pro,-31.989829,E,0,0,-2,0,0,,,,,,,,,,,,,,,,,,,,,,
Glu->Arg,27.058518,E,5,1,-2,3,0,,,,,,,,,,,,,,,,,,,,,,
Glu->Ser,-42.010565,E,-2,-2,-1,0,0,,,,,,,,,,,,,,,,,,,,,,
Glu->Thr,-27.994915,E,0,-1,-1,0,0,,,,,,,,,,,,,,,,,,,,,,
Glu->Trp,57.03672,E,3,6,-2,1,0,,,,,,,,,,,,,,,,,,,,,,
Glu->Tyr,34.020735,E,2,4,-1,0,0,,,,,,,,,,,,,,,,,,,,,,
Phe->Ala,-76.0313,F,-4,-6,0,0,0,,,,,,,,,,,,,,,,,,,,,,
Phe->Asp,-32.041471,F,-4,-5,2,0,0,,,,,,,,,,,,,,,,,,,,,,
Phe->Glu,-18.025821,F,-2,-4,2,0,0,,,,,,,,,,,,,,,,,,,,,,
Phe->Gly,-90.04695,F,-6,-7,0,0,0,,,,,,,,,,,,,,,,,,,,,,
Phe->His,-10.009502,F,-2,-3,0,2,0,,,,,,,,,,,,,,,,,,,,,,
Phe->Lys,-18.973451,F,3,-3,0,1,0,,,,,,,,,,,,,,,,,,,,,,
Phe->Met,-16.027929,F,0,-4,0,0,1,,,,,,,,,,,,,,,,,,,,,,
Phe->Asn,-33.025486,F,-3,-5,1,1,0,,,,,,,,,,,,,,,,,,,,,,
Phe->Pro,-50.01565,F,-2,-4,0,0,0,,,,,,,,,,,,,,,,,,,,,,
Phe->Gln,-19.009836,F,-1,-4,1,1,0,,,,,,,,,,,,,,,,,,,,,,
Phe->Arg,9.032697,F,3,-3,0,3,0,,,,,,,,,,,,,,,,,,,,,,
Phe->Thr,-46.020735,F,-2,-5,1,0,0,,,,,,,,,,,,,,,,,,,,,,
Phe->Trp,39.010899,F,1,2,0,1,0,,,,,,,,,,,,,,,,,,,,,,
Gly->Phe,90.04695,G,6,7,0,0,0,,,,,,,,,,,,,,,,,,,,,,
Gly->His,80.037448,G,4,4,0,2,0,,,,,,,,,,,,,,,,,,,,,,
Gly->Xle,56.0626,G,8,4,,,,,,,,,,,,,,,,,,,,,,,,,
Gly->Lys,71.073499,G,9,4,0,1,0,,,,,,,,,,,,,,,,,,,,,,
Gly->Met,74.019021,G,6,3,0,0,1,,,,,,,,,,,,,,,,,,,,,,
Gly->Asn,57.021464,G,3,2,1,1,0,,,,,,,,,,,,,,,,,,,,,,
Gly->Pro,40.0313,G,4,3,0,0,0,,,,,,,,,,,,,,,,,,,,,,
Gly->Gln,71.037114,G,5,3,1,1,0,,,,,,,,,,,,,,,,,,,,,,
Gly->Thr,44.026215,G,4,2,1,0,0,,,,,,,,,,,,,,,,,,,,,,
Gly->Tyr,106.041865,G,6,7,1,0,0,,,,,,,,,,,,,,,,,,,,,,
His->Ala,-66.021798,H,-2,-3,0,-2,0,,,,,,,,,,,,,,,,,,,,,,
His->Cys,-34.049727,H,-2,-3,0,-2,1,,,,,,,,,,,,,,,,,,,,,,
His->Glu,-8.016319,H,0,-1,2,-2,0,,,,,,,,,,,,,,,,,,,,,,
His->Phe,10.009502,H,2,3,0,-2,0,,,,,,,,,,,,,,,,,,,,,,
His->Gly,-80.037448,H,-4,-4,0,-2,0,,,,,,,,,,,,,,,,,,,,,,
His->Lys,-8.963949,H,5,0,0,-1,0,,,,,,,,,,,,,,,,,,,,,,
His->Met,-6.018427,H,2,-1,0,-2,1,,,,,,,,,,,,,,,,,,,,,,
His->Ser,-50.026883,H,-2,-3,1,-2,0,,,,,,,,,,,,,,,,,,,,,,
His->Thr,-36.011233,H,0,-2,1,-2,0,,,,,,,,,,,,,,,,,,,,,,
His->Val,-37.990498,H,2,-1,0,-2,0,,,,,,,,,,,,,,,,,,,,,,
His->Trp,49.020401,H,3,5,0,-1,0,,,,,,,,,,,,,,,,,,,,,,
Xle->Cys,-10.07488,I L,-6,-3,0,0,1,,,,,,,,,,,,,,,,,,,,,,
Xle->Asp,1.942879,I L,-6,-2,2,0,0,,,,,,,,,,,,,,,,,,,,,,
Xle->Glu,15.958529,I L,-4,-1,2,0,0,,,,,,,,,,,,,,,,,,,,,,
Xle->Gly,-56.0626,I L,-8,-4,0,0,0,,,,,,,,,,,,,,,,,,,,,,
Xle->Tyr,49.979265,I L,-2,3,1,0,0,,,,,,,,,,,,,,,,,,,,,,
Lys->Ala,-57.057849,K,-7,-3,0,-1,0,,,,,,,,,,,,,,,,,,,,,,
Lys->Cys,-25.085779,K,-7,-3,0,-1,1,,,,,,,,,,,,,,,,,,,,,,
Lys->Asp,-13.06802,K,-7,-2,2,-1,0,,,,,,,,,,,,,,,,,,,,,,
Lys->Phe,18.973451,K,-3,3,0,-1,0,,,,,,,,,,,,,,,,,,,,,,
Lys->Gly,-71.073499,K,-9,-4,0,-1,0,,,,,,,,,,,,,,,,,,,,,,
Lys->His,8.963949,K,-5,0,0,1,0,,,,,,,,,,,,,,,,,,,,,,
Lys->Pro,-31.042199,K,-5,-1,0,-1,0,,,,,,,,,,,,,,,,,,,,,,
Lys->Ser,-41.062935,K,-7,-3,1,-1,0,,,,,,,,,,,,,,,,,,,,,,
Lys->Val,-29.026549,K,-3,-1,0,-1,0,,,,,,,,,,,,,,,,,,,,,,
Lys->Trp,57.98435,K,-2,5,0,0,0,,,,,,,,,,,,,,,,,,,,,,
Lys->Tyr,34.968366,K,-3,3,1,-1,0,,,,,,,,,,,,,,,,,,,,,,
Met->Ala,-60.003371,M,-4,-2,0,0,-1,,,,,,,,,,,,,,,,,,,,,,
Met->Cys,-28.0313,M,-4,-2,0,0,0,,,,,,,,,,,,,,,,,,,,,,
Met->Asp,-16.013542,M,-4,-1,2,0,-1,,,,,,,,,,,,,,,,,,,,,,
Met->Glu,-1.997892,M,-2,0,2,0,-1,,,,,,,,,,,,,,,,,,,,,,
Met->Phe,16.027929,M,0,4,0,0,-1,,,,,,,,,,,,,,,,,,,,,,
Met->Gly,-74.019021,M,-6,-3,0,0,-1,,,,,,,,,,,,,,,,,,,,,,
Met->His,6.018427,M,-2,1,0,2,-1,,,,,,,,,,,,,,,,,,,,,,
Met->Asn,-16.997557,M,-3,-1,1,1,-1,,,,,,,,,,,,,,,,,,,,,,
Met->Pro,-33.987721,M,-2,0,0,0,-1,,,,,,,,,,,,,,,,,,,,,,
Met->Gln,-2.981907,M,-1,0,1,1,-1,,,,,,,,,,,,,,,,,,,,,,
Met->Ser,-44.008456,M,-4,-2,1,0,-1,,,,,,,,,,,,,,,,,,,,,,
Met->Trp,55.038828,M,1,6,0,1,-1,,,,,,,,,,,,,,,,,,,,,,
Met->Tyr,32.022844,M,0,4,1,0,-1,,,,,,,,,,,,,,,,,,,,,,
Asn->Ala,-43.005814,N,-1,-1,-1,-1,0,,,,,,,,,,,,,,,,,,,,,,
Asn->Cys,-11.033743,N,-1,-1,-1,-1,1,,,,,,,,,,,,,,,,,,,,,,
Asn->Glu,14.999666,N,1,1,1,-1,0,,,,,,,,,,,,,,,,,,,,,,
Asn->Phe,33.025486,N,3,5,-1,-1,0,,,,,,,,,,,,,,,,,,,,,,
Asn->Gly,-57.021464,N,-3,-2,-1,-1,0,,,,,,,,,,,,,,,,,,,,,,
Asn->Met,16.997557,N,3,1,-1,-1,1,,,,,,,,,,,,,,,,,,,,,,
Asn->Pro,-16.990164,N,1,1,-1,-1,0,,,,,,,,,,,,,,,,,,,,,,
Asn->Gln,14.01565,N,2,1,0,0,0,,,,,,,,,,,,,,,,,,,,,,
Asn->Arg,42.058184,N,6,2,-1,2,0,,,,,,,,,,,,,,,,,,,,,,
Asn->Val,-14.974514,N,3,1,-1,-1,0,,,,,,,,,,,,,,,,,,,,,,
Asn->Trp,72.036386,N,4,7,-1,0,0,,,,,,,,,,,,,,,,,,,,,,
Pro->Cys,5.956421,P,-2,-2,0,0,1,,,,,,,,,,,,,,,,,,,,,,
Pro->Asp,17.974179,P,-2,-1,2,0,0,,,,,,,,,,,,,,,,,,,,,,
Pro->Glu,31.989829,P,0,0,2,0,0,,,,,,,,,,,,,,,,,,,,,,
Pro->Phe,50.01565,P,2,4,0,0,0,,,,,,,,,,,,,,,,,,,,,,
Pro->Gly,-40.0313,P,-4,-3,0,0,0,,,,,,,,,,,,,,,,,,,,,,
Pro->Lys,31.042199,P,5,1,0,1,0,,,,,,,,,,,,,,,,,,,,,,
Pro->Met,33.987721,P,2,0,0,0,1,,,,,,,,,,,,,,,,,,,,,,
Pro->Asn,16.990164,P,-1,-1,1,1,0,,,,,,,,,,,,,,,,,,,,,,
Pro->Val,2.01565,P,2,0,0,0,0,,,,,,,,,,,,,,,,,,,,,,
Pro->Trp,89.026549,P,3,6,0,1,0,,,,,,,,,,,,,,,,,,,,,,
Pro->Tyr,66.010565,P,2,4,1,0,0,,,,,,,,,,,,,,,,,,,,,,
Gln->Ala,-57.021464,Q,-3,-2,-1,-1,0,,,,,,,,,,,,,,,,,,,,,,
Gln->Cys,-25.049393,Q,-3,-2,-1,-1,1,,,,,,,,,,,,,,,,,,,,,,
Gln->Asp,-13.031634,Q,-3,-1,1,-1,0,,,,,,,,,,,,,,,,,,,,,,
Gln->Phe,19.009836,Q,1,4,-1,-1,0,,,,,,,,,,,,,,,,,,,,,,
Gln->Gly,-71.037114,Q,-5,-3,-1,-1,0,,,,,,,,,,,,,,,,,,,,,,
Gln->Met,2.981907,Q,1,0,-1,-1,1,,,,,,,,,,,,,,,,,,,,,,
Gln->Asn,-14.01565,Q,-2,-1,0,0,0,,,,,,,,,,,,,,,,,,,,,,
Gln->Ser,-41.026549,Q,-3,-2,0,-1,0,,,,,,,,,,,,,,,,,,,,,,
Gln->Thr,-27.010899,Q,-1,-1,0,-1,0,,,,,,,,,,,,,,,,,,,,,,
Gln->Val,-28.990164,Q,1,0,-1,-1,0,,,,,,,,,,,,,,,,,,,,,,
Gln->Trp,58.020735,Q,2,6,-1,0,0,,,,,,,,,,,,,,,,,,,,,,
Gln->Tyr,35.004751,Q,1,4,0,-1,0,,,,,,,,,,,,,,,,,,,,,,
Arg->Ala,-85.063997,R,-7,-3,0,-3,0,,,,,,,,,,,,,,,,,,,,,,
Arg->Asp,-41.074168,R,-7,-2,2,-3,0,,,,,,,,,,,,,,,,,,,,,,
Arg->Glu,-27.058518,R,-5,-1,2,-3,0,,,,,,,,,,,,,,,,,,,,,,
Arg->Asn,-42.058184,R,-6,-2,1,-2,0,,,,,,,,,,,,,,,,,,,,,,
Arg->Val,-57.032697,R,-3,-1,0,-3,0,,,,,,,,,,,,,,,,,,,,,,
Arg->Tyr,6.962218,R,-3,3,1,-3,0,,,,,,,,,,,,,,,,,,,,,,
Arg->Phe,-9.032697,R,-3,3,,-3,,,,,,,,,,,,,,,,,,,,,,,
Ser->Asp,27.994915,S,0,1,1,0,0,,,,,,,,,,,,,,,,,,,,,,
Ser->Glu,42.010565,S,2,2,1,0,0,,,,,,,,,,,,,,,,,,,,,,
Ser->His,50.026883,S,2,3,-1,2,0,,,,,,,,,,,,,,,,,,,,,,
Ser->Lys,41.062935,S,7,3,-1,1,0,,,,,,,,,,,,,,,,,,,,,,
Ser->Met,44.008456,S,4,2,-1,0,1,,,,,,,,,,,,,,,,,,,,,,
Ser->Gln,41.026549,S,3,2,0,1,0,,,,,,,,,,,,,,,,,,,,,,
Ser->Val,12.036386,S,4,2,-1,0,0,,,,,,,,,,,,,,,,,,,,,,
Thr->Cys,1.961506,T,-2,-1,-1,0,1,,,,,,,,,,,,,,,,,,,,,,
Thr->Asp,13.979265,T,-2,0,1,0,0,,,,,,,,,,,,,,,,,,,,,,
Thr->Glu,27.994915,T,0,1,1,0,0,,,,,,,,,,,,,,,,,,,,,,
Thr->Phe,46.020735,T,2,5,-1,0,0,,,,,,,,,,,,,,,,,,,,,,
Thr->Gly,-44.026215,T,-4,-2,-1,0,0,,,,,,,,,,,,,,,,,,,,,,
Thr->His,36.011233,T,0,2,-1,2,0,,,,,,,,,,,,,,,,,,,,,,
Thr->Gln,27.010899,T,1,1,0,1,0,,,,,,,,,,,,,,,,,,,,,,
Thr->Val,-1.979265,T,2,1,-1,0,0,,,,,,,,,,,,,,,,,,,,,,
Thr->Trp,85.031634,T,3,7,-1,1,0,,,,,,,,,,,,,,,,,,,,,,
Thr->Tyr,62.01565,T,2,5,0,0,0,,,,,,,,,,,,,,,,,,,,,,
Val->Cys,3.940771,V,-4,-2,0,0,1,,,,,,,,,,,,,,,,,,,,,,
Val->His,37.990498,V,-2,1,0,2,0,,,,,,,,,,,,,,,,,,,,,,
Val->Lys,29.026549,V,3,1,0,1,0,,,,,,,,,,,,,,,,,,,,,,
Val->Asn,14.974514,V,-3,-1,1,1,0,,,,,,,,,,,,,,,,,,,,,,
Val->Pro,-2.01565,V,-2,0,0,0,0,,,,,,,,,,,,,,,,,,,,,,
Val->Gln,28.990164,V,-1,0,1,1,0,,,,,,,,,,,,,,,,,,,,,,
Val->Arg,57.032697,V,3,1,0,3,0,,,,,,,,,,,,,,,,,,,,,,
Val->Ser,-12.036386,V,-4,-2,1,0,0,,,,,,,,,,,,,,,,,,,,,,
Val->Thr,1.979265,V,-2,-1,1,0,0,,,,,,,,,,,,,,,,,,,,,,
Val->Trp,87.010899,V,1,6,0,1,0,,,,,,,,,,,,,,,,,,,,,,
Val->Tyr,63.994915,V,0,4,1,0,0,,,,,,,,,,,,,,,,,,,,,,
Trp->Ala,-115.042199,W,-5,-8,0,-1,0,,,,,,,,,,,,,,,,,,,,,,
Trp->Asp,-71.05237,W,-5,-7,2,-1,0,,,,,,,,,,,,,,,,,,,,,,
Trp->Glu,-57.03672,W,-3,-6,2,-1,0,,,,,,,,,,,,,,,,,,,,,,
Trp->Phe,-39.010899,W,-1,-2,0,-1,0,,,,,,,,,,,,,,,,,,,,,,
Trp->His,-49.020401,W,-3,-5,0,1,0,,,,,,,,,,,,,,,,,,,,,,
Trp->Lys,-57.98435,W,2,-5,0,0,0,,,,,,,,,,,,,,,,,,,,,,
Trp->Met,-55.038828,W,-1,-6,0,-1,1,,,,,,,,,,,,,,,,,,,,,,
Trp->Asn,-72.036386,W,-4,-7,1,0,0,,,,,,,,,,,,,,,,,,,,,,
Trp->Pro,-89.026549,W,-3,-6,0,-1,0,,,,,,,,,,,,,,,,,,,,,,
Trp->Gln,-58.020735,W,-2,-6,1,0,0,,,,,,,,,,,,,,,,,,,,,,
Trp->Thr,-85.031634,W,-3,-7,1,-1,0,,,,,,,,,,,,,,,,,,,,,,
Trp->Val,-87.010899,W,-1,-6,0,-1,0,,,,,,,,,,,,,,,,,,,,,,
Trp->Tyr,-23.015984,W,-1,-2,1,-1,0,,,,,,,,,,,,,,,,,,,,,,
Tyr->Ala,-92.026215,Y,-4,-6,-1,0,0,,,,,,,,,,,,,,,,,,,,,,
Tyr->Glu,-34.020735,Y,-2,-4,1,0,0,,,,,,,,,,,,,,,,,,,,,,
Tyr->Gly,-106.041865,Y,-6,-7,-1,0,0,,,,,,,,,,,,,,,,,,,,,,
Tyr->Lys,-34.968366,Y,3,-3,-1,1,0,,,,,,,,,,,,,,,,,,,,,,
Tyr->Met,-32.022844,Y,0,-4,-1,0,1,,,,,,,,,,,,,,,,,,,,,,
Tyr->Pro,-66.010565,Y,-2,-4,-1,0,0,,,,,,,,,,,,,,,,,,,,,,
Tyr->Gln,-35.004751,Y,-1,-4,0,1,0,,,,,,,,,,,,,,,,,,,,,,
Tyr->Arg,-6.962218,Y,3,-3,-1,3,0,,,,,,,,,,,,,,,,,,,,,,
Tyr->Thr,-62.01565,Y,-2,-5,0,0,0,,,,,,,,,,,,,,,,,,,,,,
Tyr->Val,-63.994915,Y,0,-4,-1,0,0,,,,,,,,,,,,,,,,,,,,,,
Tyr->Trp,23.015984,Y,1,2,-1,1,0,,,,,,,,,,,,,,,,,,,,,,
Tyr->Xle,-49.979265,Y,2,-3,-1,,,,,,,,,,,,,,,,,,,,,,,,
AHA-SS,195.075625,M,9,7,2,5,,,,,,,,,,,,,,,,,,,,,,,
AHA-SS_CAM,252.097088,M,12,9,3,6,,,,,,,,,,,,,,,,,,,,,,,
Biotin:Thermo-33033,548.223945,,36,25,4,6,2,,,,,,,,,,,,,,,,,,,,,,
Biotin:Thermo-33033-H,546.208295,,34,25,4,6,2,,,,,,,,,,,,,,,,,,,,,,
2-monomethylsuccinyl,130.026609,C,6,5,4,,,,,,,,,,,,,,,,,,,,,,,,
Saligenin,106.041865,H K,6,7,1,,,,,,,,,,,,,,,,,,,,,,,,
Cresylphosphate,170.013281,H K R S T Y,7,7,3,,,1,,,,,,,,,,,,,,,,,,,,,
CresylSaligeninPhosphate,276.055146,H K R S T Y,13,14,4,,,1,,,,,,,,,,,,,,,,,,,,,
Ub-Br2,100.063663,C,8,4,1,2,,,,,,,,,,,,,,,,,,,,,,,
Ub-VME,172.084792,C,12,7,3,2,,,,,,,,,,,,,,,,,,,,,,,
Ub-fluorescein,597.209772,C,29,31,7,6,,,,,,,,,,,,,,,,,,,,,,,
2-dimethylsuccinyl,144.042259,C,8,6,4,,,,,,,,,,,,,,,,,,,,,,,,
Gly,57.021464,K S T,3,2,1,1,,,,,,,,,,,,,,,,,,,,,,,
pupylation,243.085521,K,13,9,5,3,,,,,,,,,,,,,,,,,,,,,,,
HCysteinyl,133.019749,,7,4,2,1,1,,,,,,,,,,,,,,,,,,,,,,
UgiJoullie,1106.48935,D E,60,47,10,23,,,,,,,,,,,,,,,,,,,,,,,
HCysThiolactone,117.024835,,7,4,1,1,1,,,,,,,,,,,,,,,,,,,,,,
UgiJoullieProGly,154.074228,D E,10,7,2,2,,,,,,,,,,,,,,,,,,,,,,,
Dipyridyl,225.090212,C,11,13,1,3,,,,,,,,,,,,,,,,,,,,,,,
Furan,66.010565,Y,2,4,1,,,,,,,,,,,,,,,,,,,,,,,,
Difuran,132.021129,Y,4,8,2,,,,,,,,,,,,,,,,,,,,,,,,
BMP-piperidinol,263.131014,C M,17,18,1,1,,,,,,,,,,,,,,,,,,,,,,,
UgiJoullieProGlyProGly,308.148455,D E,20,14,4,4,,,,,,,,,,,,,,,,,,,,,,,
Arg-loss,-156.101111,R,-12,-6,-1,-4,,,,,,,,,,,,,,,,,,,,,,,
Arg,156.101111,N-term,12,6,1,4,,,,,,,,,,,,,,,,,,,,,,,
IMEHex(2)NeuAc(1),688.199683,K,40,25,18,2,1,,,,,,,,,,,,,,,,,,,,,,
Butyryl,70.041865,K,6,4,1,,,,,,,,,,,,,,,,,,,,,,,,
Dicarbamidomethyl,114.042927,C H K N-term R,6,4,2,2,,,,,,,,,,,,,,,,,,,,,,,
GGQ,242.101505,,14,9,4,4,,,,,,,,,,,,,,,,,,,,,,,
QTGG,343.149184,,21,13,6,5,,,,,,,,,,,,,,,,,,,,,,,
Lys,128.094963,N-term,12,6,1,2,,,,,,,,,,,,,,,,,,,,,,,
NeuAc,291.095417,,17,11,8,1,,,,,,,,,,,,,,,,,,,,,,,
NeuGc,307.090331,,17,11,9,1,,,,,,,,,,,,,,,,,,,,,,,
Propyl,42.04695,K N-term,6,3,,,,,,,,,,,,,,,,,,,,,,,,,
Propiophenone,132.057515,C H K R S T W,8,9,1,,,,,,,,,,,,,,,,,,,,,,,,
PS_Hapten,120.021129,C H K,4,7,2,,,,,,,,,,,,,,,,,,,,,,,,
Cy3-maleimide,753.262796,C,45,37,9,4,2,,,,,,,,,,,,,,,,,,,,,,
Delta:H(6)C(3)O(1),58.041865,C H K N-term,6,3,1,,,,,,,,,,,,,,,,,,,,,,,,
Delta:H(8)C(6)O(1),96.057515,K N-term,8,6,1,,,,,,,,,,,,,,,,,,,,,,,,
biotinAcrolein298,298.146347,C H K N-term,22,13,2,4,1,,,,,,,,,,,,,,,,,,,,,,
MM-diphenylpentanone,265.146664,C,19,18,1,1,,,,,,,,,,,,,,,,,,,,,,,
EHD-diphenylpentanone,266.13068,C M,18,18,2,,,,,,,,,,,,,,,,,,,,,,,,
benzylguanidine,132.068748,K,8,8,,2,,,,,,,,,,,,,,,,,,,,,,,
CarboxymethylDMAP,162.079313,N-term,10,9,1,2,,,,,,,,,,,,,,,,,,,,,,,
Biotin:Thermo-21901+2H2O,561.246849,C,39,23,9,5,1,,,,,,,,,,,,,,,,,,,,,,
Xlink:BuUrBu[213],213.111341,K N-term,15,9,3,3,,,,,,,,,,,,,,,,,,,,,,,
bisANS-sulfonates,434.178299,K S T,22,32,,2,,,,,,,,,,,,,,,,,,,,,,,
DNCB_hapten,166.001457,C H K Y,2,6,4,2,,,,,,,,,,,,,,,,,,,,,,,
NEMsulfur,157.019749,C,7,6,2,1,1,,,,,,,,,,,,,,,,,,,,,,
SulfurDioxide,63.9619,C,,,2,,1,,,,,,,,,,,,,,,,,,,,,,
NEMsulfurWater,175.030314,C,9,6,3,1,1,,,,,,,,,,,,,,,,,,,,,,
HN3_mustard,131.094629,C H K,13,6,2,1,,,,,,,,,,,,,,,,,,,,,,,
3-phosphoglyceryl,167.982375,K,5,3,6,,,1,,,,,,,,,,,,,,,,,,,,,
HN2_mustard,101.084064,C H K,11,5,1,1,,,,,,,,,,,,,,,,,,,,,,,
Crotonyl,68.026215,K,4,4,1,,,,,,,,,,,,,,,,,,,,,,,,
O-Et-N-diMePhospho,135.044916,S,10,4,2,1,,1,,,,,,,,,,,,,,,,,,,,,
N-dimethylphosphate,107.013615,S,6,2,2,1,,1,,,,,,,,,,,,,,,,,,,,,
phosphoRibosyl,212.00859,D E R,9,5,7,,,1,,,,,,,,,,,,,,,,,,,,,
azole,-20.026215,C S,-4,,-1,,,,,,,,,,,,,,,,,,,,,,,,
Biotin:Thermo-21911,921.461652,C,71,41,16,5,1,,,,,,,,,,,,,,,,,,,,,,
iodoTMT,324.216141,C D E H K,28,16,3,4,,,,,,,,,,,,,,,,,,,,,,,
Phosphogluconoylation,258.014069,K N-term,11,6,9,,,1,,,,,,,,,,,,,,,,,,,,,
dHex(1)Hex(1),308.110732,,20,12,9,,,,,,,,,,,,,,,,,,,,,,,,
methylsulfonylethyl,106.00885,C H K,6,3,2,,1,,,,,,,,,,,,,,,,,,,,,,
dHex(1)Hex(2),470.163556,,30,18,14,,,,,,,,,,,,,,,,,,,,,,,,
dHex(1)Hex(3),632.216379,,40,24,19,,,,,,,,,,,,,,,,,,,,,,,,
dHex(1)Hex(4),794.269203,,50,30,24,,,,,,,,,,,,,,,,,,,,,,,,
dHex(1)Hex(5),956.322026,,60,36,29,,,,,,,,,,,,,,,,,,,,,,,,
dHex(1)Hex(6),1118.37485,,70,42,34,,,,,,,,,,,,,,,,,,,,,,,,
ethylsulfonylethyl,120.0245,C H K,8,4,2,,1,,,,,,,,,,,,,,,,,,,,,,
phenylsulfonylethyl,168.0245,C,8,8,2,,1,,,,,,,,,,,,,,,,,,,,,,
PyridoxalPhosphateH2,231.02966,,10,8,5,1,,1,,,,,,,,,,,,,,,,,,,,,
Homocysteic_acid,33.969094,M,-2,-1,3,,,,,,,,,,,,,,,,,,,,,,,,
Hydroxamic_acid,15.010899,,1,,,1,,,,,,,,,,,,,,,,,,,,,,,
Oxidation+NEM,141.042593,C,7,6,3,1,,,,,,,,,,,,,,,,,,,,,,,
NHS-fluorescein,471.131802,K,21,27,7,1,,,,,,,,,,,,,,,,,,,,,,,
Iodoacetanilide,133.052764,C K N-term,7,8,1,1,,,,,,,,,,,,,,,,,,,,,,,
Dap-DSP,364.076278,A E K,20,13,6,2,2,,,,,,,,,,,,,,,,,,,,,,
MurNAc,275.100502,A,17,11,7,1,,,,,,,,,,,,,,,,,,,,,,,
EEEDVIEVYQEQTGG,1705.73189,K,107,72,31,17,,,,,,,,,,,,,,,,,,,,,,,
EDEDTIDVFQQQTGG,1662.700924,,102,69,30,18,,,,,,,,,,,,,,,,,,,,,,,
Hex(5)HexNAc(4)NeuAc(2),2204.772441,,136,84,61,6,,,,,,,,,,,,,,,,,,,,,,,
Hex(5)HexNAc(4)NeuAc(1),1913.677025,,119,73,53,5,,,,,,,,,,,,,,,,,,,,,,,
dHex(1)Hex(5)HexNAc(4)NeuAc(1),2059.734933,,129,79,57,5,,,,,,,,,,,,,,,,,,,,,,,
dHex(1)Hex(5)HexNAc(4)NeuAc(2),2350.83035,,146,90,65,6,,,,,,,,,,,,,,,,,,,,,,,
s-GlcNAc,283.036187,,13,8,8,1,1,,,,,,,,,,,,,,,,,,,,,,
PhosphoHex(2),404.071978,,21,12,13,,,1,,,,,,,,,,,,,,,,,,,,,
spermidine,128.131349,Q,16,7,,2,,,,,,,,,,,,,,,,,,,,,,,
Biotin:Thermo-21330,473.219571,K N-term,35,21,7,3,1,,,,,,,,,,,,,,,,,,,,,,
Hex(1)Pent(2),426.137341,,26,16,13,,,,,,,,,,,,,,,,,,,,,,,,
Pentose,132.042259,,8,5,4,,,,,,,,,,,,,,,,,,,,,,,,
Hex(1)Pent(1),294.095082,,18,11,9,,,,,,,,,,,,,,,,,,,,,,,,
Hex(1)HexA(1),338.084912,,18,12,11,,,,,,,,,,,,,,,,,,,,,,,,
Hex(1)HexNAc(1)Phos(1),445.098527,,24,14,13,1,,1,,,,,,,,,,,,,,,,,,,,,
Hex(1)HexNAc(1)Sulf(1),445.089011,,23,14,13,1,1,,,,,,,,,,,,,,,,,,,,,,
Hex(1)NeuAc(1),453.14824,,27,17,13,1,,,,,,,,,,,,,,,,,,,,,,,
Hex(1)NeuGc(1),469.143155,,27,17,14,1,,,,,,,,,,,,,,,,,,,,,,,
HexNAc(3),609.238118,,39,24,15,3,,,,,,,,,,,,,,,,,,,,,,,
HexNAc(1)NeuAc(1),494.174789,,30,19,13,2,,,,,,,,,,,,,,,,,,,,,,,
HexNAc(1)NeuGc(1),510.169704,,30,19,14,2,,,,,,,,,,,,,,,,,,,,,,,
Hex(2)NeuAc(1),615.201064,,37,23,18,1,,,,,,,,,,,,,,,,,,,,,,,
Hex(1)HexNAc(1)dHex(1)Me(1),525.205755,,35,21,14,1,,,,,,,,,,,,,,,,,,,,,,,
Hex(1)HexNAc(1)dHex(1)Me(2),539.221405,,37,22,14,1,,,,,,,,,,,,,,,,,,,,,,,
Xlink:DSS[155],155.094629,K N-term,13,8,2,1,,,,,,,,,,,,,,,,,,,,,,,
Hex(2)HexNAc(1),527.18502,,33,20,15,1,,,,,,,,,,,,,,,,,,,,,,,
Hex(1)HexA(1)HexNAc(1),541.164284,,31,20,16,1,,,,,,,,,,,,,,,,,,,,,,,
Hex(2)HexNAc(1)Me(1),541.20067,,35,21,15,1,,,,,,,,,,,,,,,,,,,,,,,
Hex(1)Pent(3),558.1796,,34,21,17,,,,,,,,,,,,,,,,,,,,,,,,
Hex(1)NeuAc(1)Pent(1),585.190499,,35,22,17,1,,,,,,,,,,,,,,,,,,,,,,,
Hex(2)HexNAc(1)Sulf(1),607.141834,,33,20,18,1,1,,,,,,,,,,,,,,,,,,,,,,
dHex(2)Hex(2),616.221465,,40,24,18,,,,,,,,,,,,,,,,,,,,,,,,
dHex(1)Hex(2)HexA(1),646.195644,,38,24,20,,,,,,,,,,,,,,,,,,,,,,,,
Hex(1)HexNAc(2)Sulf(1),648.168383,,36,22,18,2,1,,,,,,,,,,,,,,,,,,,,,,
Hex(4),648.211294,,40,24,20,,,,,,,,,,,,,,,,,,,,,,,,
dHex(1)Hex(2)HexNAc(2)Pent(1),1008.36456,,64,39,28,2,,,,,,,,,,,,,,,,,,,,,,,
Hex(2)HexNAc(2)NeuAc(1),1021.359809,,63,39,28,3,,,,,,,,,,,,,,,,,,,,,,,
Hex(3)HexNAc(2)Pent(1),1024.359475,,64,39,29,2,,,,,,,,,,,,,,,,,,,,,,,
Hex(4)HexNAc(2),1054.370039,,66,40,30,2,,,,,,,,,,,,,,,,,,,,,,,
dHex(1)Hex(4)HexNAc(1)Pent(1),1129.390834,,71,43,33,1,,,,,,,,,,,,,,,,,,,,,,,
dHex(1)Hex(3)HexNAc(2)Pent(1),1170.417383,,74,45,33,2,,,,,,,,,,,,,,,,,,,,,,,
Hex(3)HexNAc(2)NeuAc(1),1183.412632,,73,45,33,3,,,,,,,,,,,,,,,,,,,,,,,
Hex(4)HexNAc(2)Pent(1),1186.412298,,74,45,34,2,,,,,,,,,,,,,,,,,,,,,,,
Hex(3)HexNAc(3)Pent(1),1227.438847,,77,47,34,3,,,,,,,,,,,,,,,,,,,,,,,
Hex(5)HexNAc(2)Phos(1),1296.389194,,77,46,38,2,,1,,,,,,,,,,,,,,,,,,,,,
dHex(1)Hex(4)HexNAc(2)Pent(1),1332.470207,,84,51,38,2,,,,,,,,,,,,,,,,,,,,,,,
Hex(7)HexNAc(1),1337.449137,,83,50,40,1,,,,,,,,,,,,,,,,,,,,,,,
Hex(4)HexNAc(2)NeuAc(1),1345.465456,,83,51,38,3,,,,,,,,,,,,,,,,,,,,,,,
dHex(1)Hex(5)HexNAc(2),1362.480772,,86,52,39,2,,,,,,,,,,,,,,,,,,,,,,,
dHex(1)Hex(3)HexNAc(3)Pent(1),1373.496756,,87,53,38,3,,,,,,,,,,,,,,,,,,,,,,,
Hex(3)HexNAc(4)Sulf(1),1378.432776,,82,50,38,4,1,,,,,,,,,,,,,,,,,,,,,,
Hex(6)HexNAc(2),1378.475686,,86,52,40,2,,,,,,,,,,,,,,,,,,,,,,,
Hex(4)HexNAc(3)Pent(1),1389.491671,,87,53,39,3,,,,,,,,,,,,,,,,,,,,,,,
dHex(1)Hex(4)HexNAc(3),1403.507321,,89,54,39,3,,,,,,,,,,,,,,,,,,,,,,,
Hex(5)HexNAc(3),1419.502235,,89,54,40,3,,,,,,,,,,,,,,,,,,,,,,,
Hex(3)HexNAc(4)Pent(1),1430.51822,,90,55,39,4,,,,,,,,,,,,,,,,,,,,,,,
Hex(6)HexNAc(2)Phos(1),1458.442017,,87,52,43,2,,1,,,,,,,,,,,,,,,,,,,,,
dHex(1)Hex(4)HexNAc(3)Sulf(1),1483.464135,,89,54,42,3,1,,,,,,,,,,,,,,,,,,,,,,
dHex(1)Hex(5)HexNAc(2)Pent(1),1494.52303,,94,57,43,2,,,,,,,,,,,,,,,,,,,,,,,
Hex(8)HexNAc(1),1499.501961,,93,56,45,1,,,,,,,,,,,,,,,,,,,,,,,
dHex(1)Hex(3)HexNAc(3)Pent(2),1505.539015,,95,58,42,3,,,,,,,,,,,,,,,,,,,,,,,
dHex(2)Hex(3)HexNAc(3)Pent(1),1519.554665,,97,59,42,3,,,,,,,,,,,,,,,,,,,,,,,
dHex(1)Hex(3)HexNAc(4)Sulf(1),1524.490684,,92,56,42,4,1,,,,,,,,,,,,,,,,,,,,,,
dHex(1)Hex(6)HexNAc(2),1524.533595,,96,58,44,2,,,,,,,,,,,,,,,,,,,,,,,
dHex(1)Hex(4)HexNAc(3)Pent(1),1535.549579,,97,59,43,3,,,,,,,,,,,,,,,,,,,,,,,
Hex(4)HexNAc(4)Sulf(1),1540.485599,,92,56,43,4,1,,,,,,,,,,,,,,,,,,,,,,
Hex(7)HexNAc(2),1540.52851,,96,58,45,2,,,,,,,,,,,,,,,,,,,,,,,
dHex(2)Hex(4)HexNAc(3),1549.56523,,99,60,43,3,,,,,,,,,,,,,,,,,,,,,,,
Hex(5)HexNAc(3)Pent(1),1551.544494,,97,59,44,3,,,,,,,,,,,,,,,,,,,,,,,
Hex(4)HexNAc(3)NeuGc(1),1564.539743,,96,59,44,4,,,,,,,,,,,,,,,,,,,,,,,
dHex(1)Hex(5)HexNAc(3),1565.560144,,99,60,44,3,,,,,,,,,,,,,,,,,,,,,,,
dHex(1)Hex(3)HexNAc(4)Pent(1),1576.576129,,100,61,43,4,,,,,,,,,,,,,,,,,,,,,,,
Hex(3)HexNAc(5)Sulf(1),1581.512148,,95,58,43,5,1,,,,,,,,,,,,,,,,,,,,,,
Hex(6)HexNAc(3),1581.555059,,99,60,45,3,,,,,,,,,,,,,,,,,,,,,,,
Hex(3)HexNAc(4)NeuAc(1),1589.571378,,99,61,43,5,,,,,,,,,,,,,,,,,,,,,,,
Hex(4)HexNAc(4)Pent(1),1592.571043,,100,61,44,4,,,,,,,,,,,,,,,,,,,,,,,
Hex(7)HexNAc(2)Phos(1),1620.494841,,97,58,48,2,,1,,,,,,,,,,,,,,,,,,,,,
Hex(4)HexNAc(4)Me(2)Pent(1),1620.602343,,104,63,44,4,,,,,,,,,,,,,,,,,,,,,,,
dHex(1)Hex(3)HexNAc(3)Pent(3),1637.581274,,103,63,46,3,,,,,,,,,,,,,,,,,,,,,,,
dHex(1)Hex(5)HexNAc(3)Sulf(1),1645.516959,,99,60,47,3,1,,,,,,,,,,,,,,,,,,,,,,
dHex(2)Hex(3)HexNAc(3)Pent(2),1651.596924,,105,64,46,3,,,,,,,,,,,,,,,,,,,,,,,
Hex(6)HexNAc(3)Phos(1),1661.52139,,100,60,48,3,,1,,,,,,,,,,,,,,,,,,,,,
Hex(4)HexNAc(5),1663.608157,,105,64,45,5,,,,,,,,,,,,,,,,,,,,,,,
dHex(3)Hex(3)HexNAc(3)Pent(1),1665.612574,,107,65,46,3,,,,,,,,,,,,,,,,,,,,,,,
dHex(2)Hex(4)HexNAc(3)Pent(1),1681.607488,,107,65,47,3,,,,,,,,,,,,,,,,,,,,,,,
dHex(1)Hex(4)HexNAc(4)Sulf(1),1686.543508,,102,62,47,4,1,,,,,,,,,,,,,,,,,,,,,,
dHex(1)Hex(7)HexNAc(2),1686.586419,,106,64,49,2,,,,,,,,,,,,,,,,,,,,,,,
dHex(1)Hex(4)HexNAc(3)NeuAc(1),1694.602737,,106,65,47,4,,,,,,,,,,,,,,,,,,,,,,,
Hex(7)HexNAc(2)Phos(2),1700.461172,,98,58,51,2,,2,,,,,,,,,,,,,,,,,,,,,
Hex(5)HexNAc(4)Sulf(1),1702.538423,,102,62,48,4,1,,,,,,,,,,,,,,,,,,,,,,
Hex(8)HexNAc(2),1702.581333,,106,64,50,2,,,,,,,,,,,,,,,,,,,,,,,
dHex(1)Hex(3)HexNAc(4)Pent(2),1708.618387,,108,66,47,4,,,,,,,,,,,,,,,,,,,,,,,
dHex(1)Hex(4)HexNAc(3)NeuGc(1),1710.597652,,106,65,48,4,,,,,,,,,,,,,,,,,,,,,,,
dHex(2)Hex(3)HexNAc(4)Pent(1),1722.634037,,110,67,47,4,,,,,,,,,,,,,,,,,,,,,,,
dHex(1)Hex(3)HexNAc(5)Sulf(1),1727.570057,,105,64,47,5,1,,,,,,,,,,,,,,,,,,,,,,
dHex(1)Hex(6)HexNAc(3),1727.612968,,109,66,49,3,,,,,,,,,,,,,,,,,,,,,,,
dHex(1)Hex(3)HexNAc(4)NeuAc(1),1735.629286,,109,67,47,5,,,,,,,,,,,,,,,,,,,,,,,
dHex(3)Hex(3)HexNAc(4),1736.649688,,112,68,47,4,,,,,,,,,,,,,,,,,,,,,,,
dHex(1)Hex(4)HexNAc(4)Pent(1),1738.628952,,110,67,48,4,,,,,,,,,,,,,,,,,,,,,,,
Hex(4)HexNAc(5)Sulf(1),1743.564972,,105,64,48,5,1,,,,,,,,,,,,,,,,,,,,,,
Hex(7)HexNAc(3),1743.607882,,109,66,50,3,,,,,,,,,,,,,,,,,,,,,,,
dHex(1)Hex(4)HexNAc(3)NeuAc(1)Sulf(1),1774.559552,,106,65,50,4,1,,,,,,,,,,,,,,,,,,,,,,
Hex(5)HexNAc(4)Me(2)Pent(1),1782.655167,,114,69,49,4,,,,,,,,,,,,,,,,,,,,,,,
Hex(3)HexNAc(6)Sulf(1),1784.591521,,108,66,48,6,1,,,,,,,,,,,,,,,,,,,,,,
dHex(1)Hex(6)HexNAc(3)Sulf(1),1807.569782,,109,66,52,3,1,,,,,,,,,,,,,,,,,,,,,,
dHex(1)Hex(4)HexNAc(5),1809.666066,,115,70,49,5,,,,,,,,,,,,,,,,,,,,,,,
dHex(1)Hex(5)HexA(1)HexNAc(3)Sulf(1),1821.549047,,107,66,53,3,1,,,,,,,,,,,,,,,,,,,,,,
Hex(7)HexNAc(3)Phos(1),1823.574213,,110,66,53,3,,1,,,,,,,,,,,,,,,,,,,,,
Hex(6)HexNAc(4)Me(3),1826.681382,,118,71,50,4,,,,,,,,,,,,,,,,,,,,,,,
dHex(2)Hex(4)HexNAc(4)Sulf(1),1832.601417,,112,68,51,4,1,,,,,,,,,,,,,,,,,,,,,,
Hex(4)HexNAc(3)NeuAc(2),1839.640245,,113,70,51,5,,,,,,,,,,,,,,,,,,,,,,,
dHex(1)Hex(3)HexNAc(4)Pent(3),1840.660646,,116,71,51,4,,,,,,,,,,,,,,,,,,,,,,,
dHex(2)Hex(5)HexNAc(3)Pent(1),1843.660312,,117,71,52,3,,,,,,,,,,,,,,,,,,,,,,,
dHex(1)Hex(5)HexNAc(4)Sulf(1),1848.596331,,112,68,52,4,1,,,,,,,,,,,,,,,,,,,,,,
dHex(2)Hex(3)HexNAc(4)Pent(2),1854.676296,,118,72,51,4,,,,,,,,,,,,,,,,,,,,,,,
dHex(1)Hex(5)HexNAc(3)NeuAc(1),1856.655561,,116,71,52,4,,,,,,,,,,,,,,,,,,,,,,,
Hex(3)HexNAc(6)Sulf(2),1864.548335,,108,66,51,6,2,,,,,,,,,,,,,,,,,,,,,,
Hex(9)HexNAc(2),1864.634157,,116,70,55,2,,,,,,,,,,,,,,,,,,,,,,,
Hex(4)HexNAc(6),1866.68753,,118,72,50,6,,,,,,,,,,,,,,,,,,,,,,,
dHex(3)Hex(3)HexNAc(4)Pent(1),1868.691946,,120,73,51,4,,,,,,,,,,,,,,,,,,,,,,,
dHex(1)Hex(5)HexNAc(3)NeuGc(1),1872.650475,,116,71,53,4,,,,,,,,,,,,,,,,,,,,,,,
dHex(2)Hex(4)HexNAc(4)Pent(1),1884.686861,,120,73,52,4,,,,,,,,,,,,,,,,,,,,,,,
dHex(1)Hex(4)HexNAc(5)Sulf(1),1889.62288,,115,70,52,5,1,,,,,,,,,,,,,,,,,,,,,,
dHex(1)Hex(7)HexNAc(3),1889.665791,,119,72,54,3,,,,,,,,,,,,,,,,,,,,,,,
dHex(1)Hex(5)HexNAc(4)Pent(1),1900.681776,,120,73,53,4,,,,,,,,,,,,,,,,,,,,,,,
dHex(1)Hex(5)HexA(1)HexNAc(3)Sulf(2),1901.505861,,107,66,56,3,2,,,,,,,,,,,,,,,,,,,,,,
Hex(3)HexNAc(7),1907.714079,,121,74,50,7,,,,,,,,,,,,,,,,,,,,,,,
dHex(2)Hex(5)HexNAc(4),1914.697426,,122,74,53,4,,,,,,,,,,,,,,,,,,,,,,,
dHex(2)Hex(4)HexNAc(3)NeuAc(1)Sulf(1),1920.617461,,116,71,54,4,1,,,,,,,,,,,,,,,,,,,,,,
dHex(1)Hex(5)HexNAc(4)Sulf(2),1928.553146,,112,68,55,4,2,,,,,,,,,,,,,,,,,,,,,,
dHex(1)Hex(5)HexNAc(4)Me(2)Pent(1),1928.713076,,124,75,53,4,,,,,,,,,,,,,,,,,,,,,,,
Hex(5)HexNAc(4)NeuGc(1),1929.671939,,119,73,54,5,,,,,,,,,,,,,,,,,,,,,,,
dHex(1)Hex(3)HexNAc(6)Sulf(1),1930.64943,,118,72,52,6,1,,,,,,,,,,,,,,,,,,,,,,
dHex(1)Hex(6)HexNAc(4),1930.69234,,122,74,54,4,,,,,,,,,,,,,,,,,,,,,,,
dHex(1)Hex(5)HexNAc(3)NeuAc(1)Sulf(1),1936.612375,,116,71,55,4,1,,,,,,,,,,,,,,,,,,,,,,
Hex(7)HexNAc(4),1946.687255,,122,74,55,4,,,,,,,,,,,,,,,,,,,,,,,
dHex(1)Hex(5)HexNAc(3)NeuGc(1)Sulf(1),1952.60729,,116,71,56,4,1,,,,,,,,,,,,,,,,,,,,,,
Hex(4)HexNAc(5)NeuAc(1),1954.703574,,122,75,53,6,,,,,,,,,,,,,,,,,,,,,,,
Hex(6)HexNAc(4)Me(3)Pent(1),1958.72364,,126,76,54,4,,,,,,,,,,,,,,,,,,,,,,,
dHex(1)Hex(7)HexNAc(3)Sulf(1),1969.622606,,119,72,57,3,1,,,,,,,,,,,,,,,,,,,,,,
dHex(1)Hex(7)HexNAc(3)Phos(1),1969.632122,,120,72,57,3,,1,,,,,,,,,,,,,,,,,,,,,
dHex(1)Hex(5)HexNAc(5),1971.718889,,125,76,54,5,,,,,,,,,,,,,,,,,,,,,,,
dHex(1)Hex(4)HexNAc(4)NeuAc(1)Sulf(1),1977.638925,,119,73,55,5,1,,,,,,,,,,,,,,,,,,,,,,
dHex(3)Hex(4)HexNAc(4)Sulf(1),1978.659326,,122,74,55,4,1,,,,,,,,,,,,,,,,,,,,,,
Hex(3)HexNAc(7)Sulf(1),1987.670893,,121,74,53,7,1,,,,,,,,,,,,,,,,,,,,,,
Hex(6)HexNAc(5),1987.713804,,125,76,55,5,,,,,,,,,,,,,,,,,,,,,,,
Hex(5)HexNAc(4)NeuAc(1)Sulf(1),1993.633839,,119,73,56,5,1,,,,,,,,,,,,,,,,,,,,,,
Hex(3)HexNAc(6)NeuAc(1),1995.730123,,125,77,53,7,,,,,,,,,,,,,,,,,,,,,,,
dHex(2)Hex(3)HexNAc(6),1996.750524,,128,78,53,6,,,,,,,,,,,,,,,,,,,,,,,
Hex(1)HexNAc(1)NeuGc(1),672.222527,,40,25,19,2,,,,,,,,,,,,,,,,,,,,,,,
dHex(1)Hex(2)HexNAc(1),673.242928,,43,26,19,1,,,,,,,,,,,,,,,,,,,,,,,
HexNAc(3)Sulf(1),689.194932,,39,24,18,3,1,,,,,,,,,,,,,,,,,,,,,,
Hex(3)HexNAc(1),689.237843,,43,26,20,1,,,,,,,,,,,,,,,,,,,,,,,
Hex(1)HexNAc(1)Kdn(1)Sulf(1),695.157878,,37,23,21,1,1,,,,,,,,,,,,,,,,,,,,,,
HexNAc(2)NeuAc(1),697.254162,,43,27,18,3,,,,,,,,,,,,,,,,,,,,,,,
HexNAc(1)Kdn(2),703.217108,,41,26,21,1,,,,,,,,,,,,,,,,,,,,,,,
Hex(3)HexNAc(1)Me(1),703.253493,,45,27,20,1,,,,,,,,,,,,,,,,,,,,,,,
Hex(2)HexA(1)Pent(1)Sulf(1),712.136808,,36,23,23,,1,,,,,,,,,,,,,,,,,,,,,,
HexNAc(2)NeuGc(1),713.249076,,43,27,19,3,,,,,,,,,,,,,,,,,,,,,,,
Hex(4)Phos(1),728.177625,,41,24,23,,,1,,,,,,,,,,,,,,,,,,,,,
Hex(1)HexNAc(1)NeuAc(1)Sulf(1),736.184427,,40,25,21,2,1,,,,,,,,,,,,,,,,,,,,,,
Hex(1)HexA(1)HexNAc(2),744.243657,,44,28,21,2,,,,,,,,,,,,,,,,,,,,,,,
dHex(1)Hex(2)HexNAc(1)Sulf(1),753.199743,,43,26,22,1,1,,,,,,,,,,,,,,,,,,,,,,
dHex(1)HexNAc(3),755.296027,,49,30,19,3,,,,,,,,,,,,,,,,,,,,,,,
dHex(1)Hex(1)HexNAc(1)Kdn(1),761.258973,,47,29,22,1,,,,,,,,,,,,,,,,,,,,,,,
Hex(1)HexNAc(3),771.290941,,49,30,20,3,,,,,,,,,,,,,,,,,,,,,,,
HexNAc(2)NeuAc(1)Sulf(1),777.210976,,43,27,21,3,1,,,,,,,,,,,,,,,,,,,,,,
dHex(2)Hex(3),778.274288,,50,30,23,,,,,,,,,,,,,,,,,,,,,,,,
Hex(2)HexA(1)HexNAc(1)Sulf(1),783.173922,,41,26,24,1,1,,,,,,,,,,,,,,,,,,,,,,
dHex(2)Hex(2)HexA(1),792.253553,,48,30,24,,,,,,,,,,,,,,,,,,,,,,,,
dHex(1)Hex(1)HexNAc(2)Sulf(1),794.226292,,46,28,22,2,1,,,,,,,,,,,,,,,,,,,,,,
dHex(1)Hex(1)HexNAc(1)NeuAc(1),802.285522,,50,31,22,2,,,,,,,,,,,,,,,,,,,,,,,
Hex(2)HexNAc(2)Sulf(1),810.221207,,46,28,23,2,1,,,,,,,,,,,,,,,,,,,,,,
Hex(5),810.264117,,50,30,25,,,,,,,,,,,,,,,,,,,,,,,,
HexNAc(4),812.31749,,52,32,20,4,,,,,,,,,,,,,,,,,,,,,,,
HexNAc(1)NeuGc(2),817.260035,,47,30,23,3,,,,,,,,,,,,,,,,,,,,,,,
dHex(1)Hex(1)HexNAc(1)NeuGc(1),818.280436,,50,31,23,2,,,,,,,,,,,,,,,,,,,,,,,
dHex(2)Hex(2)HexNAc(1),819.300837,,53,32,23,1,,,,,,,,,,,,,,,,,,,,,,,
Hex(2)HexNAc(1)NeuGc(1),834.275351,,50,31,24,2,,,,,,,,,,,,,,,,,,,,,,,
dHex(1)Hex(3)HexNAc(1),835.295752,,53,32,24,1,,,,,,,,,,,,,,,,,,,,,,,
dHex(1)Hex(2)HexA(1)HexNAc(1),849.275017,,51,32,25,1,,,,,,,,,,,,,,,,,,,,,,,
Hex(1)HexNAc(3)Sulf(1),851.247756,,49,30,23,3,1,,,,,,,,,,,,,,,,,,,,,,
Hex(4)HexNAc(1),851.290667,,53,32,25,1,,,,,,,,,,,,,,,,,,,,,,,
Hex(1)HexNAc(2)NeuAc(1),859.306985,,53,33,23,3,,,,,,,,,,,,,,,,,,,,,,,
Hex(1)HexNAc(2)NeuGc(1),875.3019,,53,33,24,3,,,,,,,,,,,,,,,,,,,,,,,
Hex(5)Phos(1),890.230448,,51,30,28,,,1,,,,,,,,,,,,,,,,,,,,,
dHex(2)Hex(1)HexNAc(1)Kdn(1),907.316881,,57,35,26,1,,,,,,,,,,,,,,,,,,,,,,,
dHex(1)Hex(3)HexNAc(1)Sulf(1),915.252567,,53,32,27,1,1,,,,,,,,,,,,,,,,,,,,,,
dHex(1)Hex(1)HexNAc(3),917.34885,,59,36,24,3,,,,,,,,,,,,,,,,,,,,,,,
dHex(1)Hex(2)HexA(1)HexNAc(1)Sulf(1),929.231831,,51,32,28,1,1,,,,,,,,,,,,,,,,,,,,,,
Hex(2)HexNAc(3),933.343765,,59,36,25,3,,,,,,,,,,,,,,,,,,,,,,,
Hex(1)HexNAc(2)NeuAc(1)Sulf(1),939.2638,,53,33,26,3,1,,,,,,,,,,,,,,,,,,,,,,
dHex(2)Hex(4),940.327112,,60,36,28,,,,,,,,,,,,,,,,,,,,,,,,
Hex(1)HexNAc(1)NeuAc(1)Ac(1),698.238177,,42,27,19,2,,,,,,,,,,,,,,,,,,,,,,,
dHex(2)HexNAc(2)Kdn(1),948.34343,,60,37,26,2,,,,,,,,,,,,,,,,,,,,,,,
dHex(1)Hex(2)HexNAc(2)Sulf(1),956.279116,,56,34,27,2,1,,,,,,,,,,,,,,,,,,,,,,
dHex(1)HexNAc(4),958.375399,,62,38,24,4,,,,,,,,,,,,,,,,,,,,,,,
Hex(1)HexNAc(1)NeuAc(1)NeuGc(1),963.317944,,57,36,27,3,,,,,,,,,,,,,,,,,,,,,,,
dHex(1)Hex(1)HexNAc(2)Kdn(1),964.338345,,60,37,27,2,,,,,,,,,,,,,,,,,,,,,,,
Hex(1)HexNAc(1)NeuGc(2),979.312859,,57,36,28,3,,,,,,,,,,,,,,,,,,,,,,,
Hex(1)HexNAc(1)NeuAc(2)Ac(1),989.333594,,59,38,27,3,,,,,,,,,,,,,,,,,,,,,,,
dHex(2)Hex(2)HexA(1)HexNAc(1),995.332925,,61,38,29,1,,,,,,,,,,,,,,,,,,,,,,,
dHex(1)Hex(1)HexNAc(3)Sulf(1),997.305665,,59,36,27,3,1,,,,,,,,,,,,,,,,,,,,,,
Hex(2)HexA(1)NeuAc(1)Pent(1)Sulf(1),1003.232225,,53,34,31,1,1,,,,,,,,,,,,,,,,,,,,,,
dHex(1)Hex(1)HexNAc(2)NeuAc(1),1005.364894,,63,39,27,3,,,,,,,,,,,,,,,,,,,,,,,
dHex(1)Hex(3)HexA(1)HexNAc(1),1011.32784,,61,38,30,1,,,,,,,,,,,,,,,,,,,,,,,
Hex(2)HexNAc(3)Sulf(1),1013.300579,,59,36,28,3,1,,,,,,,,,,,,,,,,,,,,,,
Hex(5)HexNAc(1),1013.34349,,63,38,30,1,,,,,,,,,,,,,,,,,,,,,,,
HexNAc(5),1015.396863,,65,40,25,5,,,,,,,,,,,,,,,,,,,,,,,
Hex(1)HexNAc(1)NeuAc(2)Ac(2),1031.344159,,61,40,28,3,,,,,,,,,,,,,,,,,,,,,,,
Hex(2)HexNAc(2)NeuGc(1),1037.354723,,63,39,29,3,,,,,,,,,,,,,,,,,,,,,,,
Hex(5)Phos(3),1050.16311,,53,30,34,,,3,,,,,,,,,,,,,,,,,,,,,
Hex(6)Phos(1),1052.283272,,61,36,33,,,1,,,,,,,,,,,,,,,,,,,,,
dHex(1)Hex(2)HexA(1)HexNAc(2),1052.354389,,64,40,30,2,,,,,,,,,,,,,,,,,,,,,,,
dHex(2)Hex(3)HexNAc(1)Sulf(1),1061.310475,,63,38,31,1,1,,,,,,,,,,,,,,,,,,,,,,
Hex(1)HexNAc(3)NeuAc(1),1062.386358,,66,41,28,4,,,,,,,,,,,,,,,,,,,,,,,
dHex(2)Hex(1)HexNAc(3),1063.406759,,69,42,28,3,,,,,,,,,,,,,,,,,,,,,,,
Hex(1)HexNAc(3)NeuGc(1),1078.381273,,66,41,29,4,,,,,,,,,,,,,,,,,,,,,,,
dHex(1)Hex(1)HexNAc(2)NeuAc(1)Sulf(1),1085.321709,,63,39,30,3,1,,,,,,,,,,,,,,,,,,,,,,
dHex(1)Hex(3)HexA(1)HexNAc(1)Sulf(1),1091.284655,,61,38,33,1,1,,,,,,,,,,,,,,,,,,,,,,
dHex(1)Hex(1)HexA(1)HexNAc(3),1093.380938,,67,42,30,3,,,,,,,,,,,,,,,,,,,,,,,
Hex(2)HexNAc(2)NeuAc(1)Sulf(1),1101.316623,,63,39,31,3,1,,,,,,,,,,,,,,,,,,,,,,
dHex(2)Hex(2)HexNAc(2)Sulf(1),1102.337025,,66,40,31,2,1,,,,,,,,,,,,,,,,,,,,,,
dHex(2)Hex(1)HexNAc(2)Kdn(1),1110.396254,,70,43,31,2,,,,,,,,,,,,,,,,,,,,,,,
dHex(1)Hex(1)HexNAc(4),1120.428223,,72,44,29,4,,,,,,,,,,,,,,,,,,,,,,,
Hex(2)HexNAc(4),1136.423137,,72,44,30,4,,,,,,,,,,,,,,,,,,,,,,,
Hex(2)HexNAc(1)NeuGc(2),1141.365682,,67,42,33,3,,,,,,,,,,,,,,,,,,,,,,,
dHex(2)Hex(4)HexNAc(1),1143.406484,,73,44,33,1,,,,,,,,,,,,,,,,,,,,,,,
Hex(1)HexNAc(2)NeuAc(2),1150.402402,,70,44,31,4,,,,,,,,,,,,,,,,,,,,,,,
dHex(2)Hex(1)HexNAc(2)NeuAc(1),1151.422803,,73,45,31,3,,,,,,,,,,,,,,,,,,,,,,,
dHex(1)Hex(2)HexNAc(3)Sulf(1),1159.358488,,69,42,32,3,1,,,,,,,,,,,,,,,,,,,,,,
dHex(1)HexNAc(5),1161.454772,,75,46,29,5,,,,,,,,,,,,,,,,,,,,,,,
dHex(2)Hex(1)HexNAc(2)NeuGc(1),1167.417718,,73,45,32,3,,,,,,,,,,,,,,,,,,,,,,,
dHex(3)Hex(2)HexNAc(2),1168.438119,,76,46,32,2,,,,,,,,,,,,,,,,,,,,,,,
Hex(3)HexNAc(3)Sulf(1),1175.353403,,69,42,33,3,1,,,,,,,,,,,,,,,,,,,,,,
dHex(2)Hex(2)HexNAc(2)Sulf(2),1182.293839,,66,40,34,2,2,,,,,,,,,,,,,,,,,,,,,,
dHex(1)Hex(2)HexNAc(2)NeuGc(1),1183.412632,,73,45,33,3,,,,,,,,,,,,,,,,,,,,,,,
dHex(1)Hex(1)HexNAc(3)NeuAc(1),1208.444267,,76,47,32,4,,,,,,,,,,,,,,,,,,,,,,,
Hex(6)Phos(3),1212.215934,,63,36,39,,,3,,,,,,,,,,,,,,,,,,,,,
dHex(1)Hex(3)HexA(1)HexNAc(2),1214.407213,,74,46,35,2,,,,,,,,,,,,,,,,,,,,,,,
dHex(1)Hex(1)HexNAc(3)NeuGc(1),1224.439181,,76,47,33,4,,,,,,,,,,,,,,,,,,,,,,,
Hex(1)HexNAc(2)NeuAc(2)Sulf(1),1230.359217,,70,44,34,4,1,,,,,,,,,,,,,,,,,,,,,,
dHex(2)Hex(3)HexA(1)HexNAc(1)Sulf(1),1237.342563,,71,44,37,1,1,,,,,,,,,,,,,,,,,,,,,,
Hex(1)HexNAc(1)NeuAc(3),1238.418446,,74,47,34,4,,,,,,,,,,,,,,,,,,,,,,,
Hex(2)HexNAc(3)NeuGc(1),1240.434096,,76,47,34,4,,,,,,,,,,,,,,,,,,,,,,,
dHex(1)Hex(2)HexNAc(2)NeuAc(1)Sulf(1),1247.374532,,73,45,35,3,1,,,,,,,,,,,,,,,,,,,,,,
dHex(3)Hex(1)HexNAc(2)Kdn(1),1256.454163,,80,49,35,2,,,,,,,,,,,,,,,,,,,,,,,
dHex(2)Hex(3)HexNAc(2)Sulf(1),1264.389848,,76,46,36,2,1,,,,,,,,,,,,,,,,,,,,,,
dHex(2)Hex(2)HexNAc(2)Kdn(1),1272.449077,,80,49,36,2,,,,,,,,,,,,,,,,,,,,,,,
dHex(2)Hex(2)HexA(1)HexNAc(2)Sulf(1),1278.369113,,74,46,37,2,1,,,,,,,,,,,,,,,,,,,,,,
dHex(1)Hex(2)HexNAc(4),1282.481046,,82,50,34,4,,,,,,,,,,,,,,,,,,,,,,,
Hex(1)HexNAc(1)NeuGc(3),1286.40319,,74,47,37,4,,,,,,,,,,,,,,,,,,,,,,,
dHex(1)Hex(1)HexNAc(3)NeuAc(1)Sulf(1),1288.401081,,76,47,35,4,1,,,,,,,,,,,,,,,,,,,,,,
dHex(1)Hex(3)HexA(1)HexNAc(2)Sulf(1),1294.364027,,74,46,38,2,1,,,,,,,,,,,,,,,,,,,,,,
dHex(1)Hex(1)HexNAc(2)NeuAc(2),1296.460311,,80,50,35,4,,,,,,,,,,,,,,,,,,,,,,,
dHex(3)HexNAc(3)Kdn(1),1297.480712,,83,51,35,3,,,,,,,,,,,,,,,,,,,,,,,
Hex(2)HexNAc(3)NeuAc(1)Sulf(1),1304.395996,,76,47,36,4,1,,,,,,,,,,,,,,,,,,,,,,
dHex(2)Hex(2)HexNAc(3)Sulf(1),1305.416397,,79,48,36,3,1,,,,,,,,,,,,,,,,,,,,,,
dHex(2)HexNAc(5),1307.512681,,85,52,33,5,,,,,,,,,,,,,,,,,,,,,,,
Hex(2)HexNAc(2)NeuAc(2),1312.455225,,80,50,36,4,,,,,,,,,,,,,,,,,,,,,,,
dHex(2)Hex(2)HexNAc(2)NeuAc(1),1313.475627,,83,51,36,3,,,,,,,,,,,,,,,,,,,,,,,
dHex(1)Hex(3)HexNAc(3)Sulf(1),1321.411312,,79,48,37,3,1,,,,,,,,,,,,,,,,,,,,,,
dHex(2)Hex(2)HexNAc(2)NeuGc(1),1329.470541,,83,51,37,3,,,,,,,,,,,,,,,,,,,,,,,
Hex(2)HexNAc(5),1339.50251,,85,52,35,5,,,,,,,,,,,,,,,,,,,,,,,
dHex(1)Hex(3)HexNAc(2)NeuGc(1),1345.465456,,83,51,38,3,,,,,,,,,,,,,,,,,,,,,,,
Hex(1)HexNAc(3)NeuAc(2),1353.481775,,83,52,36,5,,,,,,,,,,,,,,,,,,,,,,,
dHex(1)Hex(2)HexNAc(3)NeuAc(1),1370.49709,,86,53,37,4,,,,,,,,,,,,,,,,,,,,,,,
dHex(3)Hex(2)HexNAc(3),1371.517491,,89,54,37,3,,,,,,,,,,,,,,,,,,,,,,,
Hex(7)Phos(3),1374.268757,,73,42,44,,,3,,,,,,,,,,,,,,,,,,,,,
dHex(1)Hex(4)HexA(1)HexNAc(2),1376.460036,,84,52,40,2,,,,,,,,,,,,,,,,,,,,,,,
Hex(3)HexNAc(3)NeuAc(1),1386.492005,,86,53,38,4,,,,,,,,,,,,,,,,,,,,,,,
dHex(1)Hex(3)HexA(2)HexNAc(2),1390.439301,,82,52,41,2,,,,,,,,,,,,,,,,,,,,,,,
Hex(2)HexNAc(2)NeuAc(2)Sulf(1),1392.41204,,80,50,39,4,1,,,,,,,,,,,,,,,,,,,,,,
dHex(2)Hex(2)HexNAc(2)NeuAc(1)Sulf(1),1393.432441,,83,51,39,3,1,,,,,,,,,,,,,,,,,,,,,,
Hex(3)HexNAc(3)NeuGc(1),1402.48692,,86,53,39,4,,,,,,,,,,,,,,,,,,,,,,,
dHex(4)Hex(1)HexNAc(2)Kdn(1),1402.512072,,90,55,39,2,,,,,,,,,,,,,,,,,,,,,,,
dHex(3)Hex(2)HexNAc(2)Kdn(1),1418.506986,,90,55,40,2,,,,,,,,,,,,,,,,,,,,,,,
dHex(3)Hex(2)HexA(1)HexNAc(2)Sulf(1),1424.427021,,84,52,41,2,1,,,,,,,,,,,,,,,,,,,,,,
Hex(2)HexNAc(4)NeuAc(1),1427.518554,,89,55,38,5,,,,,,,,,,,,,,,,,,,,,,,
dHex(2)Hex(2)HexNAc(4),1428.538955,,92,56,38,4,,,,,,,,,,,,,,,,,,,,,,,
dHex(2)Hex(3)HexA(1)HexNAc(2)Sulf(1),1440.421936,,84,52,42,2,1,,,,,,,,,,,,,,,,,,,,,,
dHex(4)HexNAc(3)Kdn(1),1443.538621,,93,57,39,3,,,,,,,,,,,,,,,,,,,,,,,
Hex(2)HexNAc(1)NeuGc(3),1448.456013,,84,53,42,4,,,,,,,,,,,,,,,,,,,,,,,
dHex(4)Hex(1)HexNAc(1)Kdn(2),1449.501567,,91,56,42,1,,,,,,,,,,,,,,,,,,,,,,,
dHex(1)Hex(2)HexNAc(3)NeuAc(1)Sulf(1),1450.453905,,86,53,40,4,1,,,,,,,,,,,,,,,,,,,,,,
dHex(1)Hex(2)HexNAc(2)NeuAc(2),1458.513134,,90,56,40,4,,,,,,,,,,,,,,,,,,,,,,,
dHex(3)Hex(1)HexNAc(3)Kdn(1),1459.533535,,93,57,40,3,,,,,,,,,,,,,,,,,,,,,,,
Hex(3)HexNAc(3)NeuAc(1)Sulf(1),1466.44882,,86,53,41,4,1,,,,,,,,,,,,,,,,,,,,,,
Hex(3)HexNAc(2)NeuAc(2),1474.508049,,90,56,41,4,,,,,,,,,,,,,,,,,,,,,,,
Hex(3)HexNAc(3)NeuGc(1)Sulf(1),1482.443734,,86,53,42,4,1,,,,,,,,,,,,,,,,,,,,,,
dHex(1)Hex(2)HexNAc(2)NeuGc(2),1490.502964,,90,56,42,4,,,,,,,,,,,,,,,,,,,,,,,
dHex(2)Hex(3)HexNAc(2)NeuGc(1),1491.523365,,93,57,42,3,,,,,,,,,,,,,,,,,,,,,,,
dHex(1)Hex(3)HexA(1)HexNAc(3)Sulf(1),1497.4434,,87,54,43,3,1,,,,,,,,,,,,,,,,,,,,,,
Hex(2)HexNAc(3)NeuAc(2),1515.534598,,93,58,41,5,,,,,,,,,,,,,,,,,,,,,,,
dHex(2)Hex(2)HexNAc(3)NeuAc(1),1516.554999,,96,59,41,4,,,,,,,,,,,,,,,,,,,,,,,
dHex(4)Hex(2)HexNAc(3),1517.5754,,99,60,41,3,,,,,,,,,,,,,,,,,,,,,,,
Hex(2)HexNAc(3)NeuAc(1)NeuGc(1),1531.529513,,93,58,42,5,,,,,,,,,,,,,,,,,,,,,,,
dHex(2)Hex(2)HexNAc(3)NeuGc(1),1532.549914,,96,59,42,4,,,,,,,,,,,,,,,,,,,,,,,
dHex(3)Hex(3)HexNAc(3),1533.570315,,99,60,42,3,,,,,,,,,,,,,,,,,,,,,,,
Hex(8)Phos(3),1536.321581,,83,48,49,,,3,,,,,,,,,,,,,,,,,,,,,
dHex(1)Hex(2)HexNAc(2)NeuAc(2)Sulf(1),1538.469949,,90,56,43,4,1,,,,,,,,,,,,,,,,,,,,,,
Hex(2)HexNAc(3)NeuGc(2),1547.524427,,93,58,43,5,,,,,,,,,,,,,,,,,,,,,,,
dHex(4)Hex(2)HexNAc(2)Kdn(1),1564.564895,,100,61,44,2,,,,,,,,,,,,,,,,,,,,,,,
dHex(1)Hex(2)HexNAc(4)NeuAc(1),1573.576463,,99,61,42,5,,,,,,,,,,,,,,,,,,,,,,,
dHex(3)Hex(2)HexNAc(4),1574.596864,,102,62,42,4,,,,,,,,,,,,,,,,,,,,,,,
Hex(1)HexNAc(1)NeuGc(4),1593.493521,,91,58,46,5,,,,,,,,,,,,,,,,,,,,,,,
dHex(4)Hex(1)HexNAc(3)Kdn(1),1605.591444,,103,63,44,3,,,,,,,,,,,,,,,,,,,,,,,
Hex(4)HexNAc(4)Sulf(2),1620.442414,,92,56,46,4,2,,,,,,,,,,,,,,,,,,,,,,
dHex(3)Hex(2)HexNAc(3)Kdn(1),1621.586359,,103,63,45,3,,,,,,,,,,,,,,,,,,,,,,,
dHex(2)Hex(2)HexNAc(5),1631.618328,,105,64,43,5,,,,,,,,,,,,,,,,,,,,,,,
dHex(2)Hex(3)HexA(1)HexNAc(3)Sulf(1),1643.501309,,97,60,47,3,1,,,,,,,,,,,,,,,,,,,,,,
dHex(1)Hex(4)HexA(1)HexNAc(3)Sulf(1),1659.496223,,97,60,48,3,1,,,,,,,,,,,,,,,,,,,,,,
Hex(3)HexNAc(3)NeuAc(2),1677.587422,,103,64,46,5,,,,,,,,,,,,,,,,,,,,,,,
dHex(2)Hex(3)HexNAc(3)NeuAc(1),1678.607823,,106,65,46,4,,,,,,,,,,,,,,,,,,,,,,,
dHex(4)Hex(3)HexNAc(3),1679.628224,,109,66,46,3,,,,,,,,,,,,,,,,,,,,,,,
Hex(9)Phos(3),1698.374404,,93,54,54,,,3,,,,,,,,,,,,,,,,,,,,,
dHex(2)HexNAc(7),1713.671426,,111,68,43,7,,,,,,,,,,,,,,,,,,,,,,,
Hex(2)HexNAc(1)NeuGc(4),1755.546345,,101,64,51,5,,,,,,,,,,,,,,,,,,,,,,,
Hex(3)HexNAc(3)NeuAc(2)Sulf(1),1757.544236,,103,64,49,5,1,,,,,,,,,,,,,,,,,,,,,,
dHex(2)Hex(3)HexNAc(5),1793.671151,,115,70,48,5,,,,,,,,,,,,,,,,,,,,,,,
dHex(1)Hex(2)HexNAc(2)NeuGc(3),1797.593295,,107,67,51,5,,,,,,,,,,,,,,,,,,,,,,,
dHex(2)Hex(4)HexA(1)HexNAc(3)Sulf(1),1805.554132,,107,66,52,3,1,,,,,,,,,,,,,,,,,,,,,,
Hex(2)HexNAc(3)NeuAc(3),1806.630015,,110,69,49,6,,,,,,,,,,,,,,,,,,,,,,,
dHex(1)Hex(3)HexNAc(3)NeuAc(2),1823.64533,,113,70,50,5,,,,,,,,,,,,,,,,,,,,,,,
dHex(3)Hex(3)HexNAc(3)NeuAc(1),1824.665732,,116,71,50,4,,,,,,,,,,,,,,,,,,,,,,,
Hex(2)HexNAc(3)NeuGc(3),1854.614759,,110,69,52,6,,,,,,,,,,,,,,,,,,,,,,,
Hex(10)Phos(3),1860.427228,,103,60,59,,,3,,,,,,,,,,,,,,,,,,,,,
dHex(1)Hex(2)HexNAc(4)NeuAc(2),1864.67188,,116,72,50,6,,,,,,,,,,,,,,,,,,,,,,,
Hex(1)HexNAc(1)NeuGc(5),1900.583852,,108,69,55,6,,,,,,,,,,,,,,,,,,,,,,,
Hex(4)HexNAc(4)NeuAc(1)Sulf(2),1911.53783,,109,67,54,5,2,,,,,,,,,,,,,,,,,,,,,,
Hex(4)HexNAc(4)NeuGc(1)Sulf(2),1927.532745,,109,67,55,5,2,,,,,,,,,,,,,,,,,,,,,,
dHex(2)Hex(3)HexNAc(3)NeuAc(2),1969.703239,,123,76,54,5,,,,,,,,,,,,,,,,,,,,,,,
Hex(4)HexNAc(4)NeuAc(1)Sulf(3),1991.494645,,109,67,57,5,3,,,,,,,,,,,,,,,,,,,,,,
dHex(2)Hex(2)HexNAc(2),1022.38021,,66,40,28,2,,,,,,,,,,,,,,,,,,,,,,,
dHex(1)Hex(3)HexNAc(2),1038.375125,,66,40,29,2,,,,,,,,,,,,,,,,,,,,,,,
dHex(1)Hex(2)HexNAc(3),1079.401674,,69,42,29,3,,,,,,,,,,,,,,,,,,,,,,,
Hex(3)HexNAc(3),1095.396588,,69,42,30,3,,,,,,,,,,,,,,,,,,,,,,,
dHex(1)Hex(3)HexNAc(2)Sulf(1),1118.331939,,66,40,32,2,1,,,,,,,,,,,,,,,,,,,,,,
dHex(2)Hex(3)HexNAc(2),1184.433033,,76,46,33,2,,,,,,,,,,,,,,,,,,,,,,,
dHex(1)Hex(4)HexNAc(2),1200.427948,,76,46,34,2,,,,,,,,,,,,,,,,,,,,,,,
dHex(2)Hex(2)HexNAc(3),1225.459583,,79,48,33,3,,,,,,,,,,,,,,,,,,,,,,,
dHex(1)Hex(3)HexNAc(3),1241.454497,,79,48,34,3,,,,,,,,,,,,,,,,,,,,,,,
Hex(4)HexNAc(3),1257.449412,,79,48,35,3,,,,,,,,,,,,,,,,,,,,,,,
dHex(2)Hex(4)HexNAc(2),1346.485857,,86,52,38,2,,,,,,,,,,,,,,,,,,,,,,,
dHex(2)Hex(3)HexNAc(3),1387.512406,,89,54,38,3,,,,,,,,,,,,,,,,,,,,,,,
Hex(3)HexNAc(5),1501.555334,,95,58,40,5,,,,,,,,,,,,,,,,,,,,,,,
Hex(4)HexNAc(3)NeuAc(1),1548.544828,,96,59,43,4,,,,,,,,,,,,,,,,,,,,,,,
dHex(2)Hex(3)HexNAc(4),1590.591779,,102,62,43,4,,,,,,,,,,,,,,,,,,,,,,,
dHex(1)Hex(3)HexNAc(5),1647.613242,,105,64,44,5,,,,,,,,,,,,,,,,,,,,,,,
Hex(3)HexNAc(6),1704.634706,,108,66,45,6,,,,,,,,,,,,,,,,,,,,,,,
Hex(4)HexNAc(4)NeuAc(1),1751.624201,,109,67,48,5,,,,,,,,,,,,,,,,,,,,,,,
dHex(2)Hex(4)HexNAc(4),1752.644602,,112,68,48,4,,,,,,,,,,,,,,,,,,,,,,,
Hex(6)HexNAc(4),1784.634431,,112,68,50,4,,,,,,,,,,,,,,,,,,,,,,,
Hex(5)HexNAc(5),1825.660981,,115,70,50,5,,,,,,,,,,,,,,,,,,,,,,,
dHex(1)Hex(3)HexNAc(6),1850.692615,,118,72,49,6,,,,,,,,,,,,,,,,,,,,,,,
dHex(1)Hex(4)HexNAc(4)NeuAc(1),1897.68211,,119,73,52,5,,,,,,,,,,,,,,,,,,,,,,,
dHex(3)Hex(4)HexNAc(4),1898.702511,,122,74,52,4,,,,,,,,,,,,,,,,,,,,,,,
dHex(1)Hex(3)HexNAc(5)NeuAc(1),1938.708659,,122,75,52,6,,,,,,,,,,,,,,,,,,,,,,,
dHex(2)Hex(4)HexNAc(5),1955.723975,,125,76,53,5,,,,,,,,,,,,,,,,,,,,,,,
NQIGG,469.228496,K,31,19,7,7,,,,,,,,,,,,,,,,,,,,,,,
Carboxyethylpyrrole,122.036779,K,6,7,2,,,,,,,,,,,,,,,,,,,,,,,,
Fluorescein-tyramine,493.116152,Y,19,29,7,1,,,,,,,,,,,,,,,,,,,,,,,
dHex(1)Hex(7)HexNAc(4),2092.745164,,132,80,59,4,,,,,,,,,,,,,,,,,,,,,,,
betaFNA,454.210387,C K,30,25,6,2,,,,,,,,,,,,,,,,,,,,,,,
Brij58,224.250401,N-term,32,16,,,,,,,,,,,,,,,,,,,,,,,,,
Brij35,168.187801,N-term,24,12,,,,,,,,,,,,,,,,,,,,,,,,,
Triton,188.156501,,20,14,,,,,,,,,,,,,,,,,,,,,,,,,
Tween80,263.237491,C-term,31,18,1,,,,,,,,,,,,,,,,,,,,,,,,
Tween20,165.164326,N-term,21,12,,,,,,,,,,,,,,,,,,,,,,,,,
Tris,104.071154,,10,4,2,1,,,,,,,,,,,,,,,,,,,,,,,
Biotin-tyramide,361.146012,Y,23,18,3,3,1,,,,,,,,,,,,,,,,,,,,,,
LRGG+dimethyl,411.259403,K,33,18,4,7,,,,,,,,,,,,,,,,,,,,,,,
RNPXL,324.035867,,13,9,9,2,,1,,,,,,,,,,,,,,,,,,,,,
GEE,86.036779,,6,4,2,,,,,,,,,,,,,,,,,,,,,,,,
Glu->pyro-Glu+Methyl,-3.994915,E,,1,-1,,,,,,,,,,,,,,,,,,,,,,,,
LRGG+methyl,397.243753,K,31,17,4,7,,,,,,,,,,,,,,,,,,,,,,,
NP40,220.182715,N-term,24,15,1,,,,,,,,,,,,,,,,,,,,,,,,
IASD,452.034807,C,16,18,8,2,2,,,,,,,,,,,,,,,,,,,,,,
Biotin:Thermo-21328,389.090154,K N-term,23,15,3,3,3,,,,,,,,,,,,,,,,,,,,,,
PhosphoCytidine,305.041287,S T Y,12,9,7,3,,1,,,,,,,,,,,,,,,,,,,,,
AzidoF,41.001397,F,-1,,,3,,,,,,,,,,,,,,,,,,,,,,,
Dimethylaminoethyl,71.073499,C,9,4,,1,,,,,,,,,,,,,,,,,,,,,,,
Gluratylation,114.031694,K,6,5,3,,,,,,,,,,,,,,,,,,,,,,,,
hydroxyisobutyryl,86.036779,K,6,4,2,,,,,,,,,,,,,,,,,,,,,,,,
MeMePhosphorothioate,107.979873,S,5,2,1,,1,1,,,,,,,,,,,,,,,,,,,,,
Cation:Fe[III],52.911464,C-term D E,-3,,,,,,,,,,,,,,,1,,,,,,,,,,,
DTT,151.996571,C,8,4,2,,2,,,,,,,,,,,,,,,,,,,,,,
DYn-2,161.09664,,13,11,1,,,,,,,,,,,,,,,,,,,,,,,,
Xlink:DSSO[176],176.01433,K N-term,8,6,4,,1,,,,,,,,,,,,,,,,,,,,,,
MesitylOxide,98.073165,H K N-term,10,6,1,,,,,,,,,,,,,,,,,,,,,,,,
Xlink:DSS[259],259.141973,K N-term,21,12,5,1,,,,,,,,,,,,,,,,,,,,,,,
methylol,30.010565,K W Y,2,1,1,,,,,,,,,,,,,,,,,,,,,,,,
Xlink:DSSO[175],175.030314,K N-term,9,6,3,1,1,,,,,,,,,,,,,,,,,,,,,,
Xlink:DSSO[279],279.077658,K N-term,17,10,6,1,1,,,,,,,,,,,,,,,,,,,,,,
Xlink:DSSO[54],54.010565,K N-term,2,3,1,,,,,,,,,,,,,,,,,,,,,,,,
Xlink:DSSO[86],85.982635,K N-term,2,3,1,,1,,,,,,,,,,,,,,,,,,,,,,
Xlink:DSSO[104],103.9932,K N-term,4,3,2,,1,,,,,,,,,,,,,,,,,,,,,,
Xlink:BuUrBu[111],111.032028,K N-term,5,5,2,1,,,,,,,,,,,,,,,,,,,,,,,
Xlink:BuUrBu[85],85.052764,K N-term,7,4,1,1,,,,,,,,,,,,,,,,,,,,,,,
Xlink:BuUrBu[214],214.095357,K N-term,14,9,4,2,,,,,,,,,,,,,,,,,,,,,,,
Xlink:BuUrBu[317],317.158686,K N-term,23,13,6,3,,,,,,,,,,,,,,,,,,,,,,,
Xlink:DSSO[158],158.003765,K N-term,6,6,3,,1,,,,,,,,,,,,,,,,,,,,,,
Xlink:DSS[138],138.06808,K N-term,10,8,2,,,,,,,,,,,,,,,,,,,,,,,,
Xlink:BuUrBu[196],196.084792,K N-term,12,9,3,2,,,,,,,,,,,,,,,,,,,,,,,
Xlink:DTBP[172],172.01289,K N-term,8,6,,2,2,,,,,,,,,,,,,,,,,,,,,,
Xlink:DST[114],113.995309,K N-term,2,4,4,,,,,,,,,,,,,,,,,,,,,,,,
Xlink:DTSSP[174],173.980921,K N-term,6,6,2,,2,,,,,,,,,,,,,,,,,,,,,,
Xlink:SMCC[219],219.089543,C K N-term,13,12,3,1,,,,,,,,,,,,,,,,,,,,,,,
Cation:Al[III],23.958063,C-term D E,-3,,,,,,,,,,,,,,,,,,,,,,,,,,1
Xlink:BS2G[113],113.047679,K N-term,7,5,2,1,,,,,,,,,,,,,,,,,,,,,,,
Xlink:BS2G[114],114.031694,K N-term,6,5,3,,,,,,,,,,,,,,,,,,,,,,,,
Xlink:BS2G[217],217.095023,K N-term,15,9,5,1,,,,,,,,,,,,,,,,,,,,,,,
Xlink:DMP[139],139.110947,K N-term,13,7,,3,,,,,,,,,,,,,,,,,,,,,,,
Xlink:DMP[122],122.084398,K N-term,10,7,,2,,,,,,,,,,,,,,,,,,,,,,,
glyoxalAGE,21.98435,R,-2,2,,,,,,,,,,,,,,,,,,,,,,,,,
Met->AspSA,-32.008456,M,-4,-1,1,,-1,,,,,,,,,,,,,,,,,,,,,,
Decarboxylation,-30.010565,D E,-2,-1,-1,,,,,,,,,,,,,,,,,,,,,,,,
Aspartylurea,-10.031969,H,-2,-1,2,-2,,,,,,,,,,,,,,,,,,,,,,,
Formylasparagine,4.97893,H,-1,-1,2,-1,,,,,,,,,,,,,,,,,,,,,,,
Carbonyl,13.979265,A E I L Q R S V,-2,,1,,,,,,,,,,,,,,,,,,,,,,,,
Pro->HAVA,18.010565,P,2,,1,,,,,,,,,,,,,,,,,,,,,,,,
AFB1_Dialdehyde,310.047738,K,10,17,6,,,,,,,,,,,,,,,,,,,,,,,,
Delta:H(-4)O(2),27.958529,W,-4,,2,,,,,,,,,,,,,,,,,,,,,,,,
Delta:H(-4)O(3),43.953444,W,-4,,3,,,,,,,,,,,,,,,,,,,,,,,,
Delta:O(4),63.979659,W,,,4,,,,,,,,,,,,,,,,,,,,,,,,
Delta:H(4)C(3)O(2),72.021129,,4,3,2,,,,,,,,,,,,,,,,,,,,,,,,
Delta:H(4)C(5)O(1),80.026215,R,4,5,1,,,,,,,,,,,,,,,,,,,,,,,,
Delta:H(10)C(8)O(1),122.073165,K,10,8,1,,,,,,,,,,,,,,,,,,,,,,,,
Delta:H(6)C(7)O(4),154.026609,R,6,7,4,,,,,,,,,,,,,,,,,,,,,,,,
Hex(2)Sulf(1),404.062462,,20,12,13,,1,,,,,,,,,,,,,,,,,,,,,,
Pent(2),264.084518,,16,10,8,,,,,,,,,,,,,,,,,,,,,,,,
Pent(1)HexNAc(1),335.121631,,21,13,9,1,,,,,,,,,,,,,,,,,,,,,,,
Hex(1)Pent(2)Me(1),440.152991,,28,17,13,,,,,,,,,,,,,,,,,,,,,,,,
HexNAc(2)Sulf(1),486.11556,,26,16,13,2,1,,,,,,,,,,,,,,,,,,,,,,
Hex(1)Pent(3)Me(1),572.19525,,36,22,17,,,,,,,,,,,,,,,,,,,,,,,,
Hex(2)Pent(2),588.190165,,36,22,18,,,,,,,,,,,,,,,,,,,,,,,,
Hex(2)Pent(2)Me(1),602.205815,,38,23,18,,,,,,,,,,,,,,,,,,,,,,,,
Hex(4)HexA(1),824.243382,,48,30,26,,,,,,,,,,,,,,,,,,,,,,,,
Hex(2)HexNAc(1)Pent(1)HexA(1),835.259366,,49,31,25,1,,,,,,,,,,,,,,,,,,,,,,,
Hex(3)HexNAc(1)HexA(1),865.269931,,51,32,26,1,,,,,,,,,,,,,,,,,,,,,,,
Hex(1)HexNAc(2)dHex(2)Sulf(1),940.284201,,56,34,26,2,1,,,,,,,,,,,,,,,,,,,,,,
HexA(2)HexNAc(3),961.302294,,55,36,27,3,,,,,,,,,,,,,,,,,,,,,,,
dHex(1)Hex(4)HexA(1),970.301291,,58,36,30,,,,,,,,,,,,,,,,,,,,,,,,
Hex(5)HexA(1),986.296206,,58,36,31,,,,,,,,,,,,,,,,,,,,,,,,
Hex(4)HexA(1)HexNAc(1),1027.322755,,61,38,31,1,,,,,,,,,,,,,,,,,,,,,,,
dHex(3)Hex(3)HexNAc(1),1127.41157,,73,44,32,1,,,,,,,,,,,,,,,,,,,,,,,
Hex(6)HexNAc(1),1175.396314,,73,44,35,1,,,,,,,,,,,,,,,,,,,,,,,
Hex(1)HexNAc(4)dHex(1)Sulf(1),1200.385037,,72,44,32,4,1,,,,,,,,,,,,,,,,,,,,,,
dHex(1)Hex(2)HexNAc(1)NeuAc(2),1255.433762,,77,48,35,3,,,,,,,,,,,,,,,,,,,,,,,
dHex(3)Hex(3)HexNAc(2),1330.490942,,86,52,37,2,,,,,,,,,,,,,,,,,,,,,,,
dHex(2)Hex(1)HexNAc(4)Sulf(1),1346.442946,,82,50,36,4,1,,,,,,,,,,,,,,,,,,,,,,
dHex(1)Hex(2)HexNAc(4)Sulf(2),1442.394675,,82,50,40,4,2,,,,,,,,,,,,,,,,,,,,,,
Hex(9),1458.475412,,90,54,45,,,,,,,,,,,,,,,,,,,,,,,,
dHex(2)Hex(3)HexNAc(3)Sulf(1),1467.469221,,89,54,41,3,1,,,,,,,,,,,,,,,,,,,,,,
dHex(2)Hex(5)HexNAc(2)Me(1),1522.554331,,98,59,43,2,,,,,,,,,,,,,,,,,,,,,,,
dHex(2)Hex(2)HexNAc(4)Sulf(2),1588.452584,,92,56,44,4,2,,,,,,,,,,,,,,,,,,,,,,
Hex(9)HexNAc(1),1661.554784,,103,62,50,1,,,,,,,,,,,,,,,,,,,,,,,
dHex(3)Hex(2)HexNAc(4)Sulf(2),1734.510493,,102,62,48,4,2,,,,,,,,,,,,,,,,,,,,,,
Hex(4)HexNAc(4)NeuGc(1),1767.619116,,109,67,49,5,,,,,,,,,,,,,,,,,,,,,,,
dHex(4)Hex(3)HexNAc(2)NeuAc(1),1767.644268,,113,69,49,3,,,,,,,,,,,,,,,,,,,,,,,
Hex(3)HexNAc(5)NeuAc(1),1792.65075,,112,69,48,6,,,,,,,,,,,,,,,,,,,,,,,
Hex(10)HexNAc(1),1823.607608,,113,68,55,1,,,,,,,,,,,,,,,,,,,,,,,
dHex(1)Hex(8)HexNAc(2),1848.639242,,116,70,54,2,,,,,,,,,,,,,,,,,,,,,,,
Hex(3)HexNAc(4)NeuAc(2),1880.666794,,116,72,51,6,,,,,,,,,,,,,,,,,,,,,,,
dHex(2)Hex(3)HexNAc(4)NeuAc(1),1881.687195,,119,73,51,5,,,,,,,,,,,,,,,,,,,,,,,
dHex(2)Hex(2)HexNAc(6)Sulf(1),1914.654515,,118,72,51,6,1,,,,,,,,,,,,,,,,,,,,,,
Hex(5)HexNAc(4)NeuAc(1)Ac(1),1955.687589,,121,75,54,5,,,,,,,,,,,,,,,,,,,,,,,
Hex(3)HexNAc(3)NeuAc(3),1968.682838,,120,75,54,6,,,,,,,,,,,,,,,,,,,,,,,
Hex(5)HexNAc(4)NeuAc(1)Ac(2),1997.698154,,123,77,55,5,,,,,,,,,,,,,,,,,,,,,,,
Unknown:162,162.125595,C-term D E N-term,18,8,3,,,,,,,,,,,,,,,,,,,,,,,,
Unknown:177,176.744957,C-term D E N-term,-7,,1,,,,,,,,,,,,,3,,,,,,,,,,,
Unknown:210,210.16198,C-term D E N-term,22,13,2,,,,,,,,,,,,,,,,,,,,,,,,
Unknown:216,216.099774,C-term D E N-term,16,10,5,,,,,,,,,,,,,,,,,,,,,,,,
Unknown:234,234.073953,C-term D E N-term,14,9,7,,,,,,,,,,,,,,,,,,,,,,,,
Unknown:248,248.19876,C-term D E N-term,28,13,4,,,,,,,,,,,,,,,,,,,,,,,,
Unknown:250,249.981018,C-term D E N-term,4,10,5,1,1,,,,,,,,,,,,,,,,,,,,,,
Unknown:302,301.986514,C-term D E N-term,8,4,7,5,2,,,,,,,,,,,,,,,,,,,,,,
Unknown:306,306.095082,C-term D E N-term,18,12,9,,,,,,,,,,,,,,,,,,,,,,,,
Unknown:420,420.051719,,24,12,6,2,4,,,,,,,,,,,,,,,,,,,,,,
Diethylphosphothione,152.006087,C H K S T Y,9,4,2,,1,1,,,,,,,,,,,,,,,,,,,,,
CIGG,330.136176,K,22,13,4,4,1,,,,,,,,,,,,,,,,,,,,,,
GNLLFLACYCIGG,1324.6308,K,92,61,15,14,2,,,,,,,,,,,,,,,,,,,,,,
Dimethylphosphothione,123.974787,C H K S T Y,5,2,2,,1,1,,,,,,,,,,,,,,,,,,,,,
monomethylphosphothione,109.959137,C H K S T Y,3,1,2,,1,1,,,,,,,,,,,,,,,,,,,,,
Lys+O(2),160.084792,H,12,6,3,2,,,,,,,,,,,,,,,,,,,,,,,
ZQG,320.100836,,16,15,6,2,,,,,,,,,,,,,,,,,,,,,,,
Xlink:DST[56],55.989829,K N-term,,2,2,,,,,,,,,,,,,,,,,,,,,,,,
Haloxon,203.950987,C H K S T Y,7,4,3,,,1,,2,,,,,,,,,,,,,,,,,,,
Methamidophos-O,92.997965,C H K S T Y,4,1,2,1,,1,,,,,,,,,,,,,,,,,,,,,
Nitrene,12.995249,Y,-1,,,1,,,,,,,,,,,,,,,,,,,,,,,
TMTpro_zero,295.189592,H K N-term N-term S T,25,15,3,3,,,,,,,,,,,,,,,,,,,,,,,
3-hydroxybenzyl-phosphate,186.008196,K S T Y,7,7,4,,,1,,,,,,,,,,,,,,,,,,,,,
Hex(6)HexNAc(5)NeuAc(3),2861.000054,,176,109,79,8,,,,,,,,,,,,,,,,,,,,,,,
Andro-H2O,332.19876,C,28,20,4,,,,,,,,,,,,,,,,,,,,,,,,
His+O(2),169.048741,H,7,6,3,3,,,,,,,,,,,,,,,,,,,,,,,
Hex(7)HexNAc(6),2352.846,,148,90,65,6,,,,,,,,,,,,,,,,,,,,,,,
Met+O(2),163.030314,,9,5,3,1,1,,,,,,,,,,,,,,,,,,,,,,
Gly+O(2),89.011293,H,3,2,3,1,,,,,,,,,,,,,,,,,,,,,,,
Glu+O(2),161.032422,H,7,5,5,1,,,,,,,,,,,,,,,,,,,,,,,
MBS+peptide,1482.77,,108,81,19,7,,,,,,,,,,,,,,,,,,,,,,,
phenyl-phosphate,155.997631,K S T Y,5,6,3,,,1,,,,,,,,,,,,,,,,,,,,,
RBS-ID_Uridine,244.069536,,12,9,6,2,,,,,,,,,,,,,,,,,,,,,,,
pRBS-ID_4-thiouridine,226.058972,,10,9,5,2,,,,,,,,,,,,,,,,,,,,,,,
Biotin:Aha-PC,690.24316,M,38,29,10,8,1,,,,,,,,,,,,,,,,,,,,,,
DBIA,296.184841,C,24,14,3,4,,,,,,,,,,,,,,,,,,,,,,,
pRBS-ID_6-thioguanosine,265.081104,,11,10,4,5,,,,,,,,,,,,,,,,,,,,,,,
DMED,70.089484,,10,4,-1,2,,,,,,,,,,,,,,,,,,,,,,,
6C-CysPAT,221.081695,C D E H K N-term S T Y,16,8,4,1,,1,,,,,,,,,,,,,,,,,,,,,
Xlink:DSPP[210],209.97181,K N-term,3,8,5,,,1,,,,,,,,,,,,,,,,,,,,,
Xlink:DSPP[228],227.982375,K N-term,5,8,6,,,1,,,,,,,,,,,,,,,,,,,,,
Xlink:DSPP[331],331.045704,K N-term,14,12,8,1,,1,,,,,,,,,,,,,,,,,,,,,
Xlink:DSPP[226],225.990534,K N-term,5,8,5,1,,1,,,,,,,,,,,,,,,,,,,,,
Plus1Oxy,15.994915,,,,1,,,,,,,,,,,,,,,,,,,,,,,,
Plus2Oxy,31.989829,,,,2,,,,,,,,,,,,,,,,,,,,,,,,
CTrmAmid,-0.984016,,1,,-1,1,,,,,,,,,,,,,,,,,,,,,,,
Phosph,79.966331,,1,,3,,,1,,,,,,,,,,,,,,,,,,,,,
NH3_Loss,-17.026549,,-3,,,-1,,,,,,,,,,,,,,,,,,,,,,,
Deamide,0.984016,,-1,,1,-1,,,,,,,,,,,,,,,,,,,,,,,
IronAdduct,52.911464,,-2,,,,,,,,,,,,,,,1,,,,,,,,,,,
Deamidation,0.984016,,-1,,1,-1,,,,,,,,,,,,,,,,,,,,,,,
Pyro-glu,-17.031,,-3,,,-1,,,,,,,,,,,,,,,,,,,,,,,
DiMethyl,28.0313,K N N-term P R,4,2,,,,,,,,,,,,,,,,,,,,,,,,,
TriMethyl,42.04695,A R,6,3,,,,,,,,,,,,,,,,,,,,,,,,,